nom,producteur,origine,volume,degre
Cuba 5 Years,1731 Fine & Rare,Pays-Bas,700.0,46.0
Cuba Dominican Republic (Spanish Caribbean XO),1731 Fine & Rare,Pays-Bas,700.0,46.0
Guatemala Panama Bélize (Central America XO),1731 Fine & Rare,Pays-Bas,700.0,46.0
Panama 6 Years,1731 Fine & Rare,Pays-Bas,700.0,46.0
Trinidad Barbados Jamaica (British West Indies XO),1731 Fine & Rare,Pays-Bas,700.0,46.0
Caroni 12 Ans,Blackadder,Angleterre,700.0,46.0
Caroni 18 Ans,Blackadder,Angleterre,700.0,63.1
Fiji 2001-2012 - 11 Years,Blackadder,Angleterre,700.0,63.9
Guadeloupe Belvédère 1998-2015- 17 Years,Blackadder,Angleterre,700.0,57.5
Guadeloupe Belvédère 1998-2017- 19 Years,Blackadder,Angleterre,700.0,56.6
Guyana Diamond 2008-2018- 10 Years,Blackadder,Angleterre,700.0,57.6
Guyana Diamond 2003-2016- 12 Years,Blackadder,Angleterre,700.0,64.3
Guyana Diamond 2003-2015- 14 Years,Blackadder,Angleterre,700.0,63.1
Guyana Diamond 2003-2015- 15 Years,Blackadder,Angleterre,700.0,48.6
Jamaica Hampden - 14 Years,Blackadder,Angleterre,700.0,57.4
Jamaica Hampden 2000-2016- 15 Years,Blackadder,Angleterre,700.0,57.0
Jamaica Hampden 2000-2017- 16 Years,Blackadder,Angleterre,700.0,56.1
Nicaragua 1999,Blackadder,Angleterre,700.0,46.0
Ste-Lucie 1999-2012,Blackadder,Angleterre,700.0,68.2
Blanc VSOP,Bonpland,Allemagne,700.0,40.0
Claire,Bonpland,Allemagne,700.0,42.0
Forte,Bonpland,Allemagne,700.0,55.0
Rouge VSOP,Bonpland,Allemagne,700.0,40.0
Single Cask (XO) - Barbados 20 Years,Bonpland,Allemagne,700.0,45.0
Single Cask (XO) - Barbados 13 Years (Foursquare),Bonpland,Allemagne,700.0,45.0
Single Cask (XO) - Bélize 13 Years (Travellers),Bonpland,Allemagne,700.0,45.0
Single Cask (XO) - Dominican 16 Years,Bonpland,Allemagne,700.0,45.0
Single Cask (XO) - Fiji 12 Years,Bonpland,Allemagne,700.0,45.0
Single Cask (XO) - Guyana 19 Years (Uitvlugt),Bonpland,Allemagne,700.0,45.0
Single Cask (XO) - Guyana 23 Years (Uitvlugt),Bonpland,Allemagne,700.0,45.0
Single Cask (XO) - Guyana 30 Years (Diamond),Bonpland,Allemagne,700.0,50.0
Single Cask (XO) - Guyana 28 Years (Enmore),Bonpland,Allemagne,700.0,45.0
Single Cask (XO) - Jamaica 18 Years (Hampden),Bonpland,Allemagne,700.0,45.0
Single Cask (XO) - Nicaragua 18 Years,Bonpland,Allemagne,700.0,45.0
Single Cask (XO) - St. Lucia 14 Years,Bonpland,Allemagne,700.0,45.0
Single Cask (XO) - Trinidad 21 Years (Caroni),Bonpland,Allemagne,700.0,50.0
Sombre (Dark Rum),Bonpland,Allemagne,700.0,40.0
Special,Bozkov (Tuzemsky),République Tchèque,700.0,
Black Spiced Rum,Bristol Classic Rum,Angleterre,700.0,42.0
Caribbean Collection,Bristol Classic Rum,Angleterre,700.0,40.0
Caroni Blended 1999,Bristol Classic Rum,Angleterre,700.0,43.1
Caroni Felicite Gold,Bristol Classic Rum,Angleterre,700.0,40.0
Caroni VSOC,Bristol Classic Rum,Angleterre,700.0,40.0
Demerara Rum Enmore Still - 1988,Bristol Classic Rum,Angleterre,700.0,43.0
Diamond Distillery Demerara Rum - 1998,Bristol Classic Rum,Angleterre,700.0,40.0
Diamond Distillery Demerara Rum - 2003,Bristol Classic Rum,Angleterre,700.0,43.0
Fine Barbados Rockley Still - 12 Years (1986-1998) - West Indies,Bristol Classic Rum,Angleterre,700.0,46.0
"Fine Barbados Rockley Still (Millésime 1986-2012, Sherry Finish) - West Indies",Bristol Classic Rum,Angleterre,700.0,46.0
Fine Barbados 2003-2012 (Foursquare),Bristol Classic Rum,Angleterre,700.0,43.0
Fine Barbados 2004-2013 (Foursquare),Bristol Classic Rum,Angleterre,700.0,43.0
Fine Barbados 2004-2016 (Foursquare),Bristol Classic Rum,Angleterre,700.0,46.0
Fine Cuban Rum 2003-2013 (Sancti Spiritus),Bristol Classic Rum,Angleterre,700.0,43.0
Fine Cuban Rum 2003-2015 (Sancti Spiritus),Bristol Classic Rum,Angleterre,700.0,43.0
Fine Cuban Rum 2003-2016 (Sancti Spiritus),Bristol Classic Rum,Angleterre,700.0,43.0
Finest Demerara Rum Enmore - 1988-2018 (Sherry Finish),Bristol Classic Rum,Angleterre,700.0,46.5
Finest Mauritus Cane Juice Rhum (Labourdonnais),Bristol Classic Rum,Angleterre,700.0,43.0
Finest Mauritus 5 Ans (Labourdonnais),Bristol Classic Rum,Angleterre,700.0,43.0
Finest Trinidad Rum - Caroni 1974-2008,Bristol Classic Rum,Angleterre,700.0,46.0
Finest Trinidad Rum - Caroni 1989,Bristol Classic Rum,Angleterre,700.0,43.0
Finest Trinidad Rum 1423 - Caroni 1993,Bristol Classic Rum,Angleterre,700.0,51.9
Finest Trinidad Rum - Caroni 1995-2015,Bristol Classic Rum,Angleterre,700.0,63.1
Finest Trinidad Rum - Caroni 1996-2010,Bristol Classic Rum,Angleterre,700.0,43.0
Finest Trinidad Rum - Caroni 1996-2013,Bristol Classic Rum,Angleterre,700.0,43.0
Finest Trinidad Rum - Caroni 1996-2014,Bristol Classic Rum,Angleterre,700.0,46.0
Finest Trinidad Rum - Caroni 1997-2016,Bristol Classic Rum,Angleterre,700.0,61.5
Finest Trinidad Rum - Caroni 1997-2017,Bristol Classic Rum,Angleterre,700.0,61.5
Finest Trinidad Rum - Caroni 1997-2019,Bristol Classic Rum,Angleterre,700.0,56.4
Finest Trinidad Rum - Caroni 1998-2008,Bristol Classic Rum,Angleterre,700.0,40.0
Finest Trinidad Rum - Caroni 1998-2013,Bristol Classic Rum,Angleterre,700.0,40.0
Finest Trinidad Rum - Caroni 1998-2015,Bristol Classic Rum,Angleterre,700.0,40.0
Haiti 2004 Barbancourt,Bristol Classic Rum,Angleterre,700.0,43.0
Jamaica Long Pond - 13 Years,Bristol Classic Rum,Angleterre,700.0,46.0
Jamaica Monymusk - 21 Years,Bristol Classic Rum,Angleterre,700.0,46.0
Jamaica Monymusk Still - 23 Years,Bristol Classic Rum,Angleterre,700.0,46.0
Jamaica Rum 2002 - Vale Royal Wedderburn,Bristol Classic Rum,Angleterre,700.0,43.0
Old Demerara Rum - 1985 Versailles Still (Enmore),Bristol Classic Rum,Angleterre,700.0,46.0
Port Mourant Demerara Rum - 1980 (Diamond),Bristol Classic Rum,Angleterre,700.0,51.0
Port Mourant Demerara Rum 17 Ans - 1990 (Diamond),Bristol Classic Rum,Angleterre,700.0,46.0
Port Morant Demerara Rum 25 Ans - 1990 (Diamond),Bristol Classic Rum,Angleterre,700.0,46.0
Port Mourant Demerara Rum - 1999-2013 (Diamond),Bristol Classic Rum,Angleterre,700.0,46.0
Port Mourant Demerara Rum - 1999-2014 (Diamond),Bristol Classic Rum,Angleterre,700.0,46.0
Port Mourant Demerara Rum - 1999-2015 (Diamond),Bristol Classic Rum,Angleterre,700.0,46.0
Port Mourant Demerara Rum - 2008-2018 (Diamond),Bristol Classic Rum,Angleterre,700.0,43.0
Port Mourant Still Demerara - 12 Years (Uitvlugt),Bristol Classic Rum,Angleterre,700.0,46.0
Reserve Rum of Belize (2005),Bristol Classic Rum,Angleterre,700.0,46.0
Reserve Rum of Grenada -  2003 (Westerhall),Bristol Classic Rum,Angleterre,700.0,43.0
Reserve Rum of Haiti - 2004-2014,Bristol Classic Rum,Angleterre,700.0,43.0
Reserve Rum of Haiti - 2004-2016,Bristol Classic Rum,Angleterre,700.0,43.0
Reserve Rum of Jamaica 8 Ans Worthy Park,Bristol Classic Rum,Angleterre,700.0,43.0
Reserve Rum of Mauritus - 2010-2015,Bristol Classic Rum,Angleterre,700.0,43.0
Reserve Rum of Nicaragua - 1999-2017,Bristol Classic Rum,Angleterre,700.0,43.0
Reserve Rum of Nicaragua - 2002-2013,Bristol Classic Rum,Angleterre,700.0,40.0
Reserve Rum of Nicaragua - 2002-2015,Bristol Classic Rum,Angleterre,700.0,40.0
Reserve Rum Of Peru - 8 Years Old,Bristol Classic Rum,Angleterre,700.0,40.0
Reserve Rum Of Trinidad - 10 Years Old Caroni,Bristol Classic Rum,Angleterre,700.0,46.0
Single Cask Demerara Versailles (Enmore),Bristol Classic Rum,Angleterre,700.0,46.0
Single Demerara Rum From Versailles Distillery (Aged 11 Years)  - Cask #8447,Bristol Classic Rum,Angleterre,700.0,46.0
Single Still Rum Monymusk - 20 Years,Bristol Classic Rum,Angleterre,700.0,46.0
Single Still Rum Port Mourant - 12 Years (Uitvlugt),Bristol Classic Rum,Angleterre,700.0,46.0
Single Still Rum Versailles - 12 Years (Enmore),Bristol Classic Rum,Angleterre,700.0,46.0
The Demerara Enmore Still - 12 Years,Bristol Classic Rum,Angleterre,700.0,46.0
The Demerara Enmore - 18 Years,Bristol Classic Rum,Angleterre,700.0,46.0
The Versailles Still Demerara - 16 Years (Enmore),Bristol Classic Rum,Angleterre,700.0,46.0
The Versailles Still Demerara - 18 Years (Enmore),Bristol Classic Rum,Angleterre,700.0,46.0
Trinidad Rum Caroni 1998-2019,Bristol Classic Rum,Angleterre,700.0,58.7
Millésime 1997 (Caroni),Bristol Spirit,Angleterre,700.0,61.5
Monymusk 1977 (Single Still Rum),Bristol Spirit,Angleterre,700.0,46.0
VSOC (Caroni),Bristol Spirit,Angleterre,700.0,40.0
ADC Sancti Spiritus - Aged 14 Years,Cadenhead's,Ecosse,700.0,59.2
AWM Enmore - Aged 16 Years,Cadenhead's,Ecosse,700.0,64.9
AWM Enmore - Aged 18 Years,Cadenhead's,Ecosse,700.0,63.3
BBR WIRD - 11 Years,Cadenhead's,Ecosse,700.0,59.1
BMC Epris - Aged 14 Years (1999),Cadenhead's,Ecosse,700.0,45.3
BMC Epris - Aged 15 Years (1999),Cadenhead's,Ecosse,700.0,45.4
BMMG Mount Gay - Aged 8 Years,Cadenhead's,Ecosse,700.0,66.3
BRS Rockley - 14 Years,Cadenhead's,Ecosse,700.0,69.2
BRS Rockley - 16 Years,Cadenhead's,Ecosse,700.0,67.7
"Caribbean Rum (57,7°)",Cadenhead's,Ecosse,700.0,57.7
"Caribbean Rum (58,8°)",Cadenhead's,Ecosse,700.0,58.8
Classic Green Label,Cadenhead's,Ecosse,700.0,50.0
Classic Rum,Cadenhead's,Ecosse,700.0,50.0
CMA Sancti Spiritus - Aged 17 Years (1999-April 2016),Cadenhead's,Ecosse,700.0,62.6
CMA Sancti Spiritus - Aged 17 Years (1999-December 2016),Cadenhead's,Ecosse,700.0,62.2
CRV Long Pond - 13 Years,Cadenhead's,Ecosse,700.0,70.4
CRV Long Pond - 20 Years,Cadenhead's,Ecosse,700.0,73.0
CRV Long Pond - 22 Years,Cadenhead's,Ecosse,700.0,69.8
FSPD South Pacific - 12 Years,Cadenhead's,Ecosse,700.0,60.7
FSPD South Pacific - 13 Years,Cadenhead's,Ecosse,700.0,59.6
Gardel Distillery - Aged 18 Years,Cadenhead's,Ecosse,700.0,57.2
Gardel Distillery - Aged 20 Years,Cadenhead's,Ecosse,700.0,57.8
GM Uitvlugt - Aged 24 Years,Cadenhead's,Ecosse,700.0,69.0
GM Uitvlugt - Aged 25 Years,Cadenhead's,Ecosse,700.0,70.2
GM Uitvlugt - Aged 30 Years (1974-2004),Cadenhead's,Ecosse,700.0,61.5
GM Uitvlugt - Aged 30 Years (1974-2005),Cadenhead's,Ecosse,700.0,60.3
GMBV Bellevue - Aged 16 Years,Cadenhead's,Ecosse,700.0,57.1
GMBV Bellevue - Aged 17 Years,Cadenhead's,Ecosse,700.0,54.3
Green Label Barbados - Aged 11 Years (West Indies),Cadenhead's,Ecosse,700.0,46.0
Green Label Barbados - Aged 15 Years (West Indies),Cadenhead's,Ecosse,700.0,46.0
Green Label Barbados - Aged 18 Years,Cadenhead's,Ecosse,700.0,46.0
Green Label Brazilian - Aged 12 Years,Cadenhead's,Ecosse,700.0,46.0
Green Label Brazilian - Aged 13 Years,Cadenhead's,Ecosse,700.0,46.0
Green Label Demerara - Aged 10 Years,Cadenhead's,Ecosse,700.0,46.0
"Green Label Demerara - Distilled 1975 (38,5°)",Cadenhead's,Ecosse,700.0,38.5
"Green Label Demerara - Distilled 1975 (40,6°)",Cadenhead's,Ecosse,700.0,40.6
Green Label Guyanan - Aged 9 Years,Cadenhead's,Ecosse,700.0,46.0
Green Label Guyanan - Aged 15 Years,Cadenhead's,Ecosse,700.0,46.0
Green Label Haitian - Aged 7 Years,Cadenhead's,Ecosse,700.0,46.0
Green Label Haitian - Aged 9 Years,Cadenhead's,Ecosse,700.0,46.0
Green Label Jamaican Rum - Aged 10 Years,Cadenhead's,Ecosse,700.0,46.0
Green Label Jamaican Rum - Aged 13 Years,Cadenhead's,Ecosse,700.0,46.0
Green Label Jamaican Rum - Aged 25 Years (Long Pond),Cadenhead's,Ecosse,700.0,46.0
Green Label Jamaican Rum - Aged 30 Years,Cadenhead's,Ecosse,700.0,51.8
Green Label Nicaraguan Rum - Aged 9 Years,Cadenhead's,Ecosse,700.0,46.0
Green Label Nicaraguan Rum - Aged 12 Years,Cadenhead's,Ecosse,700.0,46.0
Green Label Panama Rum - Aged 15 Years,Cadenhead's,Ecosse,700.0,46.0
HLCF Hampden - Aged 13 Years,Cadenhead's,Ecosse,700.0,66.2
HTR Caroni - Aged 18 Years,Cadenhead's,Ecosse,700.0,65.8
HTR Caroni - Aged 20 Years,Cadenhead's,Ecosse,700.0,60.6
IRW Long Pond - 10 Years (1986-1996),Cadenhead's,Ecosse,700.0,73.6
IRW Long Pond - 10 Years (1986-1997) - 71.9°,Cadenhead's,Ecosse,700.0,71.9
IRW Long Pond - 10 Years (1986-1997) - 75°,Cadenhead's,Ecosse,700.0,75.0
IRW Long Pond - 13 Years,Cadenhead's,Ecosse,700.0,70.1
IRW Long Pond - 18 Years (1986-2004),Cadenhead's,Ecosse,700.0,68.3
IRW Long Pond - 18 Years (1986-2005),Cadenhead's,Ecosse,700.0,67.5
JMLR Hampden - Aged 8 Years,Cadenhead's,Ecosse,700.0,63.2
JMLR Hampden - Aged 12 Years (2000-2012),Cadenhead's,Ecosse,700.0,62.1
JMLR Hampden - Aged 12 Years (2002-2014),Cadenhead's,Ecosse,700.0,61.6
JMWP Worthy Park - Aged 11 Years,Cadenhead's,Ecosse,700.0,57.9
KFM Enmore - 12 Years,Cadenhead's,Ecosse,700.0,66.0
KFM Enmore - 16 Years,Cadenhead's,Ecosse,700.0,63.9
MBFS Foursquare - 11 Years,Cadenhead's,Ecosse,700.0,60.6
MEV Enmore - 26 Years,Cadenhead's,Ecosse,700.0,57.2
MPM Diamond - 14 Years,Cadenhead's,Ecosse,700.0,59.1
MPM Uitvlugt - 12 Years,Cadenhead's,Ecosse,700.0,62.0
MUI Uitvlugt - Aged 16 Years,Cadenhead's,Ecosse,700.0,60.2
NMC Volcano Nicaragua - Aged 11 Years,Cadenhead's,Ecosse,700.0,62.0
NMC Volcano Nicaragua - Aged 17 Years,Cadenhead's,Ecosse,700.0,57.6
PDW Caribbean Distillers LTD - Aged 15 Years,Cadenhead's,Ecosse,700.0,63.0
PDW Caribbean Distillers LTD - Aged 28 Years,Cadenhead's,Ecosse,700.0,63.2
PDW Caribbean Distillers LTD - Aged 29 Years,Cadenhead's,Ecosse,700.0,60.9
PDW Caribbean Distillers LTD - Aged 30 Years,Cadenhead's,Ecosse,700.0,53.1
PM Uitvlugt - Aged 14 Years,Cadenhead's,Ecosse,700.0,70.6
PM Uitvlugt - Aged 36 Years (1964-2000),Cadenhead's,Ecosse,700.0,70.0
PM Uitvlugt - Aged 36 Years (1964-2001),Cadenhead's,Ecosse,700.0,69.3
Port Morant Uitvlugt - Aged 30 Years,Cadenhead's,Ecosse,700.0,73.3
Port Morant Uitvlugt - Aged 32 Years,Cadenhead's,Ecosse,700.0,72.1
Providence Caroni - Aged 10 Years,Cadenhead's,Ecosse,700.0,67.9
Providence Caroni - Aged 12 Years,Cadenhead's,Ecosse,700.0,66.3
Providence Caroni - Aged 14 Years,Cadenhead's,Ecosse,700.0,66.1
REV Enmore - 11 Years,Cadenhead's,Ecosse,700.0,70.0
SFBT Travellers Distillery -  Aged 9 Years,Cadenhead's,Ecosse,700.0,64.6
SFBT Travellers Distillery -  Aged 11 Years,Cadenhead's,Ecosse,700.0,63.4
SLJD St Lucia Distillers -  Aged 9 Years,Cadenhead's,Ecosse,700.0,70.8
TMAH Trinidad Distillers - Aged 12 Years,Cadenhead's,Ecosse,700.0,67.4
10 Ans Port Mourant (Uitvlugt),AD Rattray,Ecosse,700.0,46.0
TMAH Trinidad Distillers - Aged 19 Years,Cadenhead's,Ecosse,700.0,68.3
TMAH Trinidad Distillers - Aged 21 Years,Cadenhead's,Ecosse,700.0,66.9
TMAH Trinidad Distillers - Aged 24 Years,Cadenhead's,Ecosse,700.0,62.6
TMAH Trinidad Distillers - Aged 25 Years,Cadenhead's,Ecosse,700.0,64.3
TMCG Caroni - Aged 20 Years (Whisk-e Ltd),Cadenhead's,Ecosse,700.0,62.5
TMCG Caroni - Aged 21 Years,Cadenhead's,Ecosse,700.0,61.6
VNL Enmore - 30 Years,Cadenhead's,Ecosse,700.0,62.9
VNL Enmore - 36 Years,Cadenhead's,Ecosse,700.0,62.9
VSG Enmore - 10 Years,Cadenhead's,Ecosse,700.0,75.7
VSG Enmore - 11 Years,Cadenhead's,Ecosse,700.0,74.2
VSG Enmore - 13 Years,Cadenhead's,Ecosse,700.0,71.6
VSG Enmore - 15 Years,Cadenhead's,Ecosse,700.0,72.5
Warehouse Tasting - Blended Rum,Cadenhead's,Ecosse,700.0,62.0
WIRR (WIRD) - 12 Years (1986-1998),Cadenhead's,Ecosse,700.0,74.1
WIRR (WIRD) - 12 Years (1986-1999),Cadenhead's,Ecosse,700.0,73.4
XPD Enmore - Aged 28 Years,Cadenhead's,Ecosse,700.0,67.1
XPD Enmore - Aged 29 Years,Cadenhead's,Ecosse,700.0,64.7
XPD Enmore - Aged 32 Years,Cadenhead's,Ecosse,700.0,61.8
Fair White & Organic,Caña de Emperador,,700.0,50.0
Guyana 16 yo (Diamond),Caña de Emperador,,700.0,40.0
Single Estate Australia - Aged 4 Years (Beenleigh),Cane Island,Pays-Bas,700.0,43.0
Single Estate Bélize - Aged 9 Years (Travellers),Cane Island,Pays-Bas,700.0,43.0
Single Estate Barbados - Aged 8 Years (Foursquare),Cane Island,Pays-Bas,700.0,43.0
Single Estate Dominican Republic - Aged 5 Years (Barceló),Cane Island,Pays-Bas,700.0,43.0
Single Estate Guadeloupe - Aged 3 Years (Bonne Mère),Cane Island,Pays-Bas,700.0,43.0
Single Estate Nicaragua - Aged 12 Years,Cane Island,Pays-Bas,700.0,43.0
Single Estate Trinidad - Aged 8 Years (Angostura),Cane Island,Pays-Bas,700.0,43.0
Single Island Blend Barbados - Extra Old,Cane Island,Pays-Bas,700.0,40.0
Single Island Blend Cuba - Gran Añejo,Cane Island,Pays-Bas,700.0,40.0
Single Island Blend Jamaica - Superior Reserve,Cane Island,Pays-Bas,700.0,40.0
Single Island Blend Trinidad,Cane Island,Pays-Bas,700.0,40.0
Fine Old Trinidad Rum (TDL),Caribbean Jack,Allemagne,700.0,43.0
Barbados 1986 (West Indies),Caribbean Reserve,Ecosse,700.0,46.0
Brut de Fûts - 1980 Sainte-Luce (Trois Rivières),Chantal Comte,France,700.0,58.0
Brut de Fûts - Hors-d'Age (Bielle),Chantal Comte,France,700.0,58.0
Brut de Fûts - Hors-d'Age (Non Filtré) - Bielle,Chantal Comte,France,700.0,58.0
Cuvée Caribaea - Edition Numérotée (Distillerie du Simon),Chantal Comte,France,700.0,50.16
Fighting Spirit Blue (Distillerie du Simon),Chantal Comte,France,700.0,50.0
Fighting Spirit Gold (Distillerie du Simon),Chantal Comte,France,700.0,50.0
Fighting Spirit Red (Bielle),Chantal Comte,France,700.0,50.0
La Tour De L'Or - 2002 (La Favorite),Chantal Comte,France,700.0,54.4
La Tour De L'Or - Blanc 2016 (HSE),Chantal Comte,France,700.0,46.04
La Tour De L'Or - Bielle (55°),Chantal Comte,France,700.0,55.0
"La Tour De L'Or - Bielle (56,6°)",Chantal Comte,France,700.0,56.6
La Tour De L'Or - Bourbon Finish (HSE),Chantal Comte,France,700.0,46.5
La Tour De L'Or - Hors d'Age (HSE),Chantal Comte,France,700.0,45.0
La Tour De L'Or - La Mauny 2001,Chantal Comte,France,700.0,64.8
La Tour De L'Or - La Mauny 2005,Chantal Comte,France,700.0,51.5
La Tour De L'Or - La Mauny 2006,Chantal Comte,France,700.0,57.7
Plantation de la Montagne Pelée - 1975 (Depaz),Chantal Comte,France,700.0,45.0
Plantation de la Montagne Pelée - 1976 (Depaz),Chantal Comte,France,700.0,45.0
Plantation de la Montagne Pelée - XO (Depaz),Chantal Comte,France,700.0,45.0
Sainte-Luce 1977 (Trois Rivières),Chantal Comte,France,700.0,45.0
Batyse XO (Panama),Cherry Rocher,France,700.0,40.0
Dreambay XO (Bélize),Cherry Rocher,France,700.0,40.0
Hauban 5 Ans d'Age (Marie Galante),Cherry Rocher,France,700.0,40.0
Pewoke XO (Barbade),Cherry Rocher,France,700.0,40.0
Zaye XO (Jamaique),Cherry Rocher,France,700.0,40.0
Zwazo XO (Martinique),Cherry Rocher,France,700.0,45.0
Australia 11 Ans - Cask #ASS52 - 2007,Compagnie Des Indes,France,700.0,43.0
Australia 11 Ans - Cask #ASS53 - 2007,Compagnie Des Indes,France,700.0,43.0
Australia 11 Ans - Cask #ASS54 - 2007,Compagnie Des Indes,France,700.0,43.0
Barbados 9 Ans - Cask #MB45 - 2006 (Foursquare),Compagnie Des Indes,France,700.0,62.1
Barbados 9 Ans - Cask #MB46 - 2006 (Foursquare),Compagnie Des Indes,France,700.0,62.1
Barbados 10 Ans - Cask #BFD14 - 2007 (Foursquare),Compagnie Des Indes,France,700.0,43.0
Barbados 10 Ans - Cask #BFD15 - 2007 (Foursquare) - Cask Strength,Compagnie Des Indes,France,700.0,62.1
Barbados 10 Ans - Cask #BFD18 - 2007 (Foursquare),Compagnie Des Indes,France,700.0,43.0
Barbados 10 Ans - Cask #BFD19 - 2007 (Foursquare) - Cask Strength - Salon du Rhum,Compagnie Des Indes,France,700.0,62.9
Barbados 10 Ans - Cask #BFD27 - 2007 (Foursquare) - Cask Strength,Compagnie Des Indes,France,700.0,62.1
Barbados 12 Ans - Cask #BD91 - 2003 (Foursquare),Compagnie Des Indes,France,700.0,45.0
17 Ans Caroni (Cask #213),AD Rattray,Ecosse,700.0,63.6
18 Ans Caroni,AD Rattray,Ecosse,700.0,46.0
18 Ans Pampero,AD Rattray,Ecosse,700.0,48.4
25 Ans Monymusk (Cask #10),AD Rattray,Ecosse,700.0,46.0
"From Hampden, 15 Years Old - Single Estate Jamaican Rum",Adelphi Selection,Ecosse,700.0,54.3
"From Monymusk, 14 Years Old - Single Estate Jamaican Rum (Cask #JM2)",Adelphi Selection,Ecosse,700.0,58.8
Cherry Spiced,Admiral Vernon's Old J,Angleterre,700.0,35.0
Dark Spiced,Admiral Vernon's Old J,Angleterre,700.0,40.0
Gold Spiced,Admiral Vernon's Old J,Angleterre,700.0,40.0
Silver,Admiral Vernon's Old J,Angleterre,700.0,35.0
Barbados 12 Ans - Cask #BD92 - 2003 (Foursquare),Compagnie Des Indes,France,700.0,45.0
Barbados 16 Ans - Cask #BD24 - 1998 (Foursquare),Compagnie Des Indes,France,700.0,45.0
Barbados 16 Ans - Cask #BD36 - 1998 (Foursquare),Compagnie Des Indes,France,700.0,45.0
Barbados 16 Ans - Cask #BD47 - 1998 (Foursquare),Compagnie Des Indes,France,700.0,45.0
Barbados 16 Ans - Cask #MRS236 - 1998 (Foursquare) - Cask Stength,Compagnie Des Indes,France,700.0,60.0
Barbados 16 Ans - Cask #FS9 - 1999 (Foursquare),Compagnie Des Indes,France,700.0,62.0
Barbados 16 Ans - Cask #FS20 - 1999 (Foursquare),Compagnie Des Indes,France,700.0,62.0
Barbados 20 Ans - Cask BVR5 - 1996,Compagnie Des Indes,France,700.0,45.0
Bélize 8 Ans - Cask #B86 - 2005 (Travellers),Compagnie Des Indes,France,700.0,44.0
Bélize 8 Ans - Cask #SF17 - 2005 (Travellers),Compagnie Des Indes,France,700.0,44.0
Bélize 8 Ans - Cask #SF48 - 2005 (Travellers),Compagnie Des Indes,France,700.0,64.0
Bélize 11 Ans - Cask #BL11 - 2005 (Travellers),Compagnie Des Indes,France,700.0,66.2
Bélize 11 Ans - Cask #BL14 - 2005 (Travellers) - Cask Strength,Compagnie Des Indes,France,700.0,66.2
Bélize 11 Ans - Cask #BL22 - 2005 (Travellers),Compagnie Des Indes,France,700.0,43.0
Boulet de Canon n°2,Compagnie Des Indes,France,700.0,46.0
Boulet de Canon n°3,Compagnie Des Indes,France,700.0,46.0
Boulet de Canon n°4,Compagnie Des Indes,France,700.0,46.0
Boulet de Canon n°5,Compagnie Des Indes,France,700.0,46.0
Boulet de Canon n°6,Compagnie Des Indes,France,700.0,46.0
Boulet de Canon n°7,Compagnie Des Indes,France,700.0,46.0
Boulet de Canon n°8,Compagnie Des Indes,France,700.0,46.0
Brazil 16 ans - Cask #BR10 - 1999 (Epris),Compagnie Des Indes,France,700.0,42.0
Brazil 16 ans - Cask #BR49 - 1999 (Epris),Compagnie Des Indes,France,700.0,42.0
Caraïbes - Cask #PV1 (Finish Pernand-Vergelesses),Compagnie Des Indes,France,700.0,46.0
Caribbean 10 Ans - Cask CBW 54,Compagnie Des Indes,France,700.0,43.0
Caribbean 10 Ans - Cask CBW 73,Compagnie Des Indes,France,700.0,43.0
Cuba 15 Ans - Cask #C67 - 1998 (Sancti Spiritus),Compagnie Des Indes,France,700.0,45.0
Cuba 16 Ans - Cask #CM5 - 1998 (Sancti Spiritus),Compagnie Des Indes,France,700.0,45.0
Cuba 16 Ans - Cask #CM8 - 1998 (Sancti Spiritus),Compagnie Des Indes,France,700.0,45.0
Cuba 16 Ans - Cask #CM34 - 1998 (Sancti Spiritus),Compagnie Des Indes,France,700.0,45.0
Cuba 16 Ans - Cask #CM52 - 1998 (Sancti Spiritus),Compagnie Des Indes,France,700.0,45.0
Cuba 16 Ans - Cask #CM61 - 1998 (Sancti Spiritus),Compagnie Des Indes,France,700.0,45.0
Cuba 18 Ans - Cask #CSS11 - 1999 (Sancti Spiritus),Compagnie Des Indes,France,700.0,45.0
Cuba 18 Ans - Cask #CSS12 - 1999 (Sancti Spiritus),Compagnie Des Indes,France,700.0,45.0
Cuvée Esper,Compagnie Des Indes,France,700.0,59.0
Darklice,Compagnie Des Indes,France,700.0,43.0
Dom. Republic 8 Ans,Compagnie Des Indes,France,700.0,43.0
Dom. Republic 8 Ans - Cask #DRA3 - 2010,Compagnie Des Indes,France,700.0,43.0
Dom. Republic 8 Ans - Cask #DRA5 - 2010,Compagnie Des Indes,France,700.0,43.0
Dom. Republic 8 Ans - Cask #DRA6 - 2010 - Cask Strength,Compagnie Des Indes,France,700.0,62.1
Dom. Republic 8 Ans - Cask #DRA26 - 2010 - Cask Strength,Compagnie Des Indes,France,700.0,62.1
Dom. Republic 13 Ans - 2003,Compagnie Des Indes,France,700.0,46.0
Dom. Republic 13 Ans - Cask #RDM2 - 2003,Compagnie Des Indes,France,700.0,46.0
Dom. Republic 15 Ans - Cask #RDM3 - 2000,Compagnie Des Indes,France,700.0,64.9
Dominidad 15 Ans - Cask #SB1 - 2000,Compagnie Des Indes,France,700.0,43.0
Dominidad 15 Ans - Cask #SB2 - 2000,Compagnie Des Indes,France,700.0,43.0
Dominidad 15 Ans - Cask #SB3 - 2000,Compagnie Des Indes,France,700.0,43.0
El Salvador 9 Ans -  Cask #A46 - 2007,Compagnie Des Indes,France,700.0,43.0
El Salvador 9 Ans -  Cask #A64 - 2007,Compagnie Des Indes,France,700.0,43.0
Fiji 10 Ans - Cask #SF12 - 2004 (South Pacific),Compagnie Des Indes,France,700.0,44.0
Fiji 10 Ans - Cask #SF13 - 2004 (South Pacific),Compagnie Des Indes,France,700.0,44.0
Fiji 10 Ans - Cask #SF24 - 2004 (South Pacific),Compagnie Des Indes,France,700.0,44.0
Fiji 10 Ans - Cask #SF32 - 2004 (South Pacific),Compagnie Des Indes,France,700.0,44.0
Fiji 11 Ans - Cask #SF15 - 2004 (South Pacific),Compagnie Des Indes,France,700.0,66.8
Fiji 12 Ans (South Pacific),Compagnie Des Indes,France,700.0,
Fiji 13 Ans - Cask #FSP7 - 2004 (South Pacific),Compagnie Des Indes,France,700.0,44.0
Fiji 13 Ans - Cask #FSP32 - 2004 (South Pacific),Compagnie Des Indes,France,700.0,44.0
Florida 13 Ans - Cask #FWSC1 - 2004,Compagnie Des Indes,France,700.0,45.0
Florida 13 Ans - Cask #FWSC2 - 2004,Compagnie Des Indes,France,700.0,45.0
Spiced,Admiral Vernon's Old J,Angleterre,700.0,35.0
Florida 14 Ans - Cask #FWH21,Compagnie Des Indes,France,700.0,44.0
Florida 14 Ans - Cask #FWH22,Compagnie Des Indes,France,700.0,44.0
Guadeloupe 16 Ans - Cask #GM21 - 1998 (Damoiseau),Compagnie Des Indes,France,700.0,43.0
Guadeloupe 16 Ans - Cask #GM32 - 1998 (Damoiseau),Compagnie Des Indes,France,700.0,43.0
Guadeloupe 16 Ans - Cask #CG1704 - 1998 (Damoiseau),Compagnie Des Indes,France,700.0,43.0
Guadeloupe 16 Ans - Cask #CG91 - 1998 (Damoiseau),Compagnie Des Indes,France,700.0,43.0
Guadeloupe 17 Ans - Cask #CG14 - 1998 (Damoiseau),Compagnie Des Indes,France,700.0,43.0
Guadeloupe 20 Ans - Cask #PLG79 - 1998 (Père Labat),Compagnie Des Indes,France,700.0,43.1
Guatemala 5 Ans (Darsa),Compagnie Des Indes,France,700.0,
Guatemala 9 Ans - Cask #GDS13 - 2007 (Darsa),Compagnie Des Indes,France,700.0,43.0
Guatemala 9 Ans - Cask #GDS17 - 2007 (Darsa),Compagnie Des Indes,France,700.0,43.0
Guyana 8 Ans - Cask #GPW50 - 2010 (Diamond),Compagnie Des Indes,France,700.0,43.0
Guyana 8 Ans - Cask #GPW51 - 2010 (Diamond),Compagnie Des Indes,France,700.0,43.0
Guyana 8 Ans - Cask #GPW52 - 2010 (Diamond),Compagnie Des Indes,France,700.0,43.0
Guyana 10 Ans - Cask #MPM18 - 2005 (Diamond),Compagnie Des Indes,France,700.0,57.5
Guyana 10 Ans - Cask #MPM75 - 2005 (Diamond) - Cask Strength,Compagnie Des Indes,France,700.0,58.0
Guyana 10 Ans - Cask #GPMVB21 - 2008,Compagnie Des Indes,France,700.0,43.0
Guyana 12 Ans - Cask #MSG16 - 2003 (Diamond),Compagnie Des Indes,France,700.0,45.0
Guyana 12 Ans - Cask #MSG17 - 2003 (Diamond),Compagnie Des Indes,France,700.0,45.0
Guyana 13 Ans - Cask #MPM63 - 2002 (Diamond),Compagnie Des Indes,France,700.0,43.0
Guyana 13 Ans - Cask #WPM35 - 2002 (Diamond),Compagnie Des Indes,France,700.0,58.0
Guyana 13 Ans - Cask #WPM36 - 2002 (Diamond),Compagnie Des Indes,France,700.0,59.0
Guyana 14 Ans - Cask #GDD40 - 2003 (Diamond),Compagnie Des Indes,France,700.0,43.0
Guyana 14 Ans - Cask #GDD45 - 2003 (Diamond),Compagnie Des Indes,France,700.0,43.0
Guyana 14 Ans - Cask #GDD46 - 2003 (Diamond),Compagnie Des Indes,France,700.0,43.0
Guyana 21 Ans - Cask #GU4 - 1993 (Uitvlugt) - Cask Strength,Compagnie Des Indes,France,700.0,56.0
Guyana 24 Ans - Cask #MEV04 - 1990 (Enmore) - Cask Strength,Compagnie Des Indes,France,700.0,58.1
Guyana 27 Ans - Cask #MEC7 - 1988 (Enmore),Compagnie Des Indes,France,700.0,52.7
Guyana 29 Ans - Cask #GEN2 - 1988 (Enmore) - Cask Strength,Compagnie Des Indes,France,700.0,48.0
Haiti 11 Ans - Cask #BMH18 - 2004 (Barbancourt),Compagnie Des Indes,France,700.0,43.0
Haiti 11 Ans - Cask #BMH32 - 2004 (Barbancourt) - Cask Strength,Compagnie Des Indes,France,700.0,59.4
Indonesia 10 Ans - Cask #SB1 - 2004,Compagnie Des Indes,France,700.0,43.0
Indonesia 10 Ans - Cask #SB2 - 2004,Compagnie Des Indes,France,700.0,43.0
Indonesia 10 Ans - Cask #SB8 - 2004,Compagnie Des Indes,France,700.0,43.0
Indonesia 10 Ans - Cask #SB22 - 2004,Compagnie Des Indes,France,700.0,43.0
Jamaica 5 Ans - Navy Strength,Compagnie Des Indes,France,700.0,57.0
Jamaica 7 Ans - Cask #WP4 - 2007 (Worthy Park),Compagnie Des Indes,France,700.0,43.0
Jamaica 7 Ans - Cask #WP8 - 2007 (Worthy Park),Compagnie Des Indes,France,700.0,43.0
Jamaica 7 Ans - Cask #WP27 - 2007 (Worthy Park),Compagnie Des Indes,France,700.0,53.0
Jamaica 7 Ans - Cask #WP31 - 2007 (Worthy Park),Compagnie Des Indes,France,700.0,43.0
Jamaica 7 Ans - Cask #WP42 - 2007 (Worthy Park),Compagnie Des Indes,France,700.0,53.0
Jamaica 7 Ans - Cask #WP52 - 2007 (Worthy Park) - Cask Stength,Compagnie Des Indes,France,700.0,53.0
Jamaica 8 Ans - Cask #SWP4 - 2007 (Worthy Park),Compagnie Des Indes,France,700.0,45.0
Jamaica 8 Ans - Cask #WP22 - 2007 (Worthy Park),Compagnie Des Indes,France,700.0,54.9
Jamaica 8 Ans - Cask #WP29 - 2007 (Worthy Park),Compagnie Des Indes,France,700.0,55.0
Jamaica 9 Ans - Cask #JHJ2 - 2009 (Hampden),Compagnie Des Indes,France,700.0,44.0
Jamaica 9 Ans - Cask #JHJ15 - 2009 (Hampden) - High Proof,Compagnie Des Indes,France,700.0,55.0
Jamaica 9 Ans - Cask #JHJ20 - 2009 (Hampden),Compagnie Des Indes,France,700.0,44.0
Jamaica 10 Ans - Cask #JBM13 - 2008 - Cask Strength,Compagnie Des Indes,France,700.0,57.9
Jamaica 10 Ans - Cask #JBM47 - 2008,Compagnie Des Indes,France,700.0,44.0
Jamaica 11 Ans - Cask #JCL25 - 2007 (Monymusk),Compagnie Des Indes,France,700.0,55.0
Jamaica 11 Ans - Cask #JCL78 - 2007 (Monymusk),Compagnie Des Indes,France,700.0,43.0
Jamaica 11 Ans - Cask #JCL79 - 2007 (Monymusk),Compagnie Des Indes,France,700.0,43.0
Jamaica 11 Ans - Cask #JCL80 - 2007 (Monymusk),Compagnie Des Indes,France,700.0,43.0
Jamaica 11 Ans - Cask #JWMP31 - 2007 (Bar 1802 Monte Cristo),Compagnie Des Indes,France,700.0,51.4
Jamaica 12 Ans - Cask #JLP2 - 2003 (Long Pond),Compagnie Des Indes,France,700.0,44.0
Jamaica 12 Ans - Cask #JLP3 - 2003 (Long Pond),Compagnie Des Indes,France,700.0,44.0
Jamaica 12 Ans - Cask #JLP6 - 2003 (Long Pond),Compagnie Des Indes,France,700.0,44.0
Jamaica 12 Ans - Cask #JNY17 - 2005 (New Yarmouth),Compagnie Des Indes,France,700.0,55.0
Jamaica 12 Ans - Cask #JNY20 - 2005 (New Yarmouth),Compagnie Des Indes,France,700.0,55.0
Jamaica 13 Ans - Cask #JNY15 - 2005 (New Yarmouth),Compagnie Des Indes,France,700.0,55.0
Jamaica 14 Ans - Cask #HP98 - 2000 (Hampden) - Cask Strength,Compagnie Des Indes,France,700.0,58.0
Jamaica 15 Ans - Cask #JH10 - 2000 (Hampden),Compagnie Des Indes,France,700.0,43.0
Jamaica 15 Ans - Cask #JH46 - 2000 (Hampden),Compagnie Des Indes,France,700.0,43.0
Jamaica 15 Ans - Cask #JH53 - 2000 (Hampden),Compagnie Des Indes,France,700.0,43.0
Jamaica 16 Ans - Cask #JHPF01 - 2000 (Hampden),Compagnie Des Indes,France,700.0,44.0
Jamaica 24 Ans - Cask #JHPE3 - 1992 (Hampden) - Cask Strength,Compagnie Des Indes,France,700.0,59.8
Jamaica 33 Ans (Hampden) - Carafe - Cask Strength,Compagnie Des Indes,France,700.0,54.1
Kaiman,Compagnie Des Indes,France,700.0,46.0
Latino 5 Ans - Finish Vosne-Romanée - Cask #VR1,Compagnie Des Indes,France,700.0,46.0
Martinique 11 Ans - Cask #MAR10 - 2008 (Simon),Compagnie Des Indes,France,700.0,42.0
Martinique 11 Ans - Cask #MAR11 - 2008 (Simon),Compagnie Des Indes,France,700.0,42.0
Martinique 13 Ans - Cask #MA56 - 2002 (Dillon),Compagnie Des Indes,France,700.0,44.0
Martinique 13 Ans - Cask #MA67 - 2002 (Dillon),Compagnie Des Indes,France,700.0,44.0
Nicaragua 11 Ans - Cask #SN18 - 2004,Compagnie Des Indes,France,700.0,69.1
Oktoberum,Compagnie Des Indes,France,700.0,46.0
Panama 9 Ans - Cask #PSC8 - 2008 - Cask Strength,Compagnie Des Indes,France,700.0,60.9
Panama 9 Ans - Cask #PSC77 - 2008,Compagnie Des Indes,France,700.0,43.0
Panama 11 Ans - Cask #MRS255 - 2004 - Cask Strength,Compagnie Des Indes,France,700.0,60.0
Tiki Fire Spiced Rum - 151 Proof (Persian Lime & Smooth Vanilla),Admiral Vernon's Old J,Angleterre,700.0,75.5
Panama 11 Ans - Cask #MRS263 - 2004,Compagnie Des Indes,France,700.0,44.0
Panama 11 Ans - Cask #MRS322 - 2004,Compagnie Des Indes,France,700.0,44.0
Panama 12 Ans - Cask #PMD43 - 2004,Compagnie Des Indes,France,700.0,61.5
Panama 12 Ans - Cask #PMD83 - 2004,Compagnie Des Indes,France,700.0,45.0
St. Lucia 13 Ans - Cask #SLD41 - 2002,Compagnie Des Indes,France,700.0,43.0
St. Lucia 13 Ans - Cask #SLD46 - 2002 - Cask Strength,Compagnie Des Indes,France,700.0,56.3
St. Lucia 13 Ans - Cask #SLD84 - 2002,Compagnie Des Indes,France,700.0,43.0
Tricorne,Compagnie Des Indes,France,700.0,43.0
Trinidad 13 Ans - Cask #TTD35 - 2005 (TDL),Compagnie Des Indes,France,700.0,45.0
Trinidad 15 Ans - Cask #TTM15 - 2003 (TDL),Compagnie Des Indes,France,700.0,44.0
Trinidad 15 Ans - Cask #TTM29 - 2003 (TDL),Compagnie Des Indes,France,700.0,44.0
Trinidad 16 Ans - Cask #TT84 - 2000 (TDL) - Cask Strength,Compagnie Des Indes,France,700.0,63.6
Trinidad 16 Ans - Cask #TT96 - 2000 (TDL),Compagnie Des Indes,France,700.0,63.0
Trinidad 16 Ans - Cask #TLBF15 - 2003 (TDL),Compagnie Des Indes,France,700.0,63.5
Trinidad 16 Ans - Cask #TLBF16 - 2003 (TDL),Compagnie Des Indes,France,700.0,63.5
Trinidad 18 Ans - Cask #SC2 - 1996 (Caroni),Compagnie Des Indes,France,700.0,43.0
Trinidad 18 Ans - Cask #SC3 - 1996 (Caroni),Compagnie Des Indes,France,700.0,43.0
Trinidad 18 Ans - Cask #SCT9 - 1996 (Caroni) - Cask Strength,Compagnie Des Indes,France,700.0,61.0
Trinidad 19 Ans - Cask #SC1 - 1996 (Caroni) - Cask Strength,Compagnie Des Indes,France,700.0,53.2
Trinidad 20 Ans - Cask #TTCR14 - 1998 (Caroni),Compagnie Des Indes,France,700.0,59.8
Trinidad 21 Ans - Cask #SC707 - 1994 (Caroni) - Cask Strength,Compagnie Des Indes,France,700.0,57.8
Trinidad 22 Ans - Cask #TC4 - 1993 (Caroni),Compagnie Des Indes,France,700.0,48.0
Trinidad 22 Ans - Cask #TC6 - 1993 (Caroni),Compagnie Des Indes,France,700.0,48.0
Trinidad 23 Ans - Cask #TCC3 - 1993 (Caroni) - Cask Strength,Compagnie Des Indes,France,700.0,53.1
Trinidad 24 Ans - Cask #SC803 - 1991 (Caroni) - Cask Strength,Compagnie Des Indes,France,700.0,56.3
Trinidad 26 Ans - Cask #TP8 - 1991 (Caroni) - Cask Strength,Compagnie Des Indes,France,700.0,56.2
Veneragua 13 Ans - Cask #SB4 - 2005,Compagnie Des Indes,France,700.0,45.0
Venezuela 12 Ans - Cask #VCA1 - 2006,Compagnie Des Indes,France,700.0,43.0
Venezuela 12 Ans - Cask #VCA3 - 2006,Compagnie Des Indes,France,700.0,43.0
Venezuela 12 Ans - Cask #VCA4 - 2006,Compagnie Des Indes,France,700.0,43.0
Venezuela 12 Ans - Cask #VCA5 - 2006 - Cask Strength,Compagnie Des Indes,France,700.0,58.0
Venezuela 14 Ans - Cask #??? - 2005,Compagnie Des Indes,France,700.0,43.0
Venezuela 14 Ans - Cask #VNT57 - 2005,Compagnie Des Indes,France,700.0,43.0
Venezuela 14 Ans - Cask #VNT61 - 2005,Compagnie Des Indes,France,700.0,43.0
West Indies 8 Ans,Compagnie Des Indes,France,700.0,40.0
Bielle 2005-2012,Comptoir Des Caraïbes,France,700.0,50.0
Bielle - Cuvée 2009 (Brut de Fût #101),La Confrérie du Rhum,France,700.0,52.3
Bielle - Cuvée 2009 (Brut de Fût #106),La Confrérie du Rhum,France,700.0,52.6
Bielle - Cuvée 2009 (Brut de Fût #107),La Confrérie du Rhum,France,700.0,52.1
Cuvée n°1 - Barbados 2000 (West Indies),La Confrérie du Rhum,France,700.0,43.0
Cuvée n°2 - Guadeloupe 1998 (Damoiseau),La Confrérie du Rhum,France,700.0,42.0
Fleur de Canne (Vieux) - Edition Spéciale La Confrérie du Rhum,La Confrérie du Rhum,France,700.0,42.0
Arturo Makasare 2001-2016 (Edición Limitada),Corman Collins Rhums,Belgique,700.0,44.0
Arturo Makasare 23 Años,Corman Collins Rhums,Belgique,700.0,44.0
Arturo Makasare Finca Maroma,Corman Collins Rhums,Belgique,700.0,40.0
Rumbastic - 12 Years (Travellers),A Dream of Scotland,Belize,700.0,60.6
"Bellevue 1998 """"Flamme d'Or"""" 14 Years Old (Rare Single Cask)",Alambic Classique,Allemagne,700.0,45.0
"Caroni 1999 """"Master Selection"""" 15 Years Old (Rare Single Cask)",Alambic Classique,Allemagne,700.0,45.0
"Caroni 1999 """"Premium Cask"""" 16 Years Old (Rare Single Cask)",Alambic Classique,Allemagne,700.0,45.0
"Caroni 1999 """"Old Reserve"""" 18 Years Old (Rare Single Cask)",Alambic Classique,Allemagne,700.0,45.0
"Caroni 1999 """"XO"""" 20 Years Old (Rare Single Cask)",Alambic Classique,Allemagne,700.0,47.0
"Chichigalpa 1995 """"Très Vieux"""" 15 Years Old (Rare Single Cask)",Alambic Classique,Allemagne,700.0,45.0
"Enmore 1990 """"Empereur"""" 28 Years Old (Rare Single Cask)",Alambic Classique,Allemagne,700.0,45.0
"Foursquare 2000 """"Millenium Reserve"""" 6 Years Old (Rare Single Cask)",Alambic Classique,Allemagne,700.0,45.0
"Foursquare 2007 """"Old Selection"""" 10 Years Old (Rare Single Cask)",Alambic Classique,Allemagne,700.0,45.0
"Foursquare 2007 """"Old Reserve"""" 12 Years Old (Rare Single Cask)",Alambic Classique,Allemagne,700.0,46.6
"Galion 2002 """"Grande Réserve"""" 8 Years Old (Rare Single Cask)",Alambic Classique,Allemagne,700.0,45.0
"Hampden 1998 """"Golden Barrel"""" 16 Years Old (Rare Single Cask)",Alambic Classique,Allemagne,700.0,45.0
"Hampden 1998 """"XO"""" 20 Years Old (Rare Single Cask)",Alambic Classique,Allemagne,700.0,45.0
"Licorera 1998 """"Special Reserve"""" 8 Years Old (Rare Single Cask)",Alambic Classique,Allemagne,700.0,45.0
Arturo Makasare La Paquita,Corman Collins Rhums,Belgique,700.0,40.0
Arturo Makasare Trinidad 1997-2017 (Caroni),Corman Collins Rhums,Belgique,700.0,49.1
Dame Jeanne Collection 42°,Corman Collins Rhums,Belgique,700.0,42.0
Dame Jeanne Collection 44°,Corman Collins Rhums,Belgique,700.0,44.0
Hampden 1983-2019,Corman Collins Rhums,Belgique,700.0,55.3
Hampden 2001-2017,Corman Collins Rhums,Belgique,700.0,60.4
Navy Full Strength,Corman Collins Rhums,Belgique,700.0,52.3
Navy Light Strength,Corman Collins Rhums,Belgique,700.0,42.8
Panama 13 (2004),Corman Collins Rhums,Belgique,700.0,60.2
Rhum J. Bally 18,Corman Collins Rhums,Belgique,700.0,56.8
Trois Rivières Cuvée Bélé - Cask #22-4,Corman Collins Rhums,Belgique,700.0,52.3
Caroni 17 Years - Barrel #2944,Creative Whisky Company,Ecosse,700.0,50.0
"Sinob Caroni 1997 (Full Proof, Cask #73)",Creative Whisky Company,Ecosse,700.0,57.9
The James Dinnen Series - Caroni 1999,Creative Whisky Company,Ecosse,700.0,50.0
,Cullinary,Canada,700.0,
Rhum Savanna Grand Arôme - Monopole,Dumons GM & Co.,Réunion,700.0,43.0
Barbados 1986-2012 (Cask #16) - West Indies,Duncan Taylor,Ecosse,700.0,52.7
Barbados 2000-2012 (Cask #12) - Mount Gay,Duncan Taylor,Ecosse,700.0,53.7
Barbados 2000-2016 (Cask #16) - West Indies,Duncan Taylor,Ecosse,700.0,52.0
Brazil 1999-2016 (Cask #3) - Epris,Duncan Taylor,Ecosse,700.0,47.5
Carribean Rum - Batch 1996,Duncan Taylor,Ecosse,700.0,46.0
"Long Pond 1992 """"Imperial"""" 15 Years (Rare Single Cask)",Alambic Classique,Allemagne,700.0,45.0
Carribean Rum - Batch 2001,Duncan Taylor,Ecosse,700.0,46.0
Cuba 1998-2012 (Cask #78) - Sancti Spiritus,Duncan Taylor,Ecosse,700.0,53.2
Fiji 2003-2013 (Cask #18) - South Pacific,Duncan Taylor,Ecosse,700.0,54.8
Guadeloupe 1998-2012 (Cask #4) - Damoiseau,Duncan Taylor,Ecosse,700.0,52.3
Guadeloupe 1998-2017 (Cask #33) - Damoiseau,Duncan Taylor,Ecosse,700.0,52.8
Guadeloupe 1998-2014 (Cask #88) - Damoiseau,Duncan Taylor,Ecosse,700.0,51.4
Guadeloupe 1998-2016 (Cask #94) - Damoiseau,Duncan Taylor,Ecosse,700.0,52.2
Guatemala 2007-2016 (Cask #8) - Darsa,Duncan Taylor,Ecosse,700.0,52.4
Guyana 1985-2012 (Cask #64) - Enmore,Duncan Taylor,Ecosse,700.0,52.5
Guyana 1989-2012 (Cask #5) - Uitvlugt,Duncan Taylor,Ecosse,700.0,54.9
Guyana 1997-2015 (Cask #11) - Uitvlugt,Duncan Taylor,Ecosse,700.0,52.8
Guyana 1998-2014 (Cask #35) - Uitvlugt,Duncan Taylor,Ecosse,700.0,52.7
Guyana 2002-2015 (Cask #131) - Diamond,Duncan Taylor,Ecosse,700.0,53.4
Guyana 2003-2013 (Cask #72) - Diamond,Duncan Taylor,Ecosse,700.0,54.4
Guyana 2003-2014 (Cask #71) - Diamond,Duncan Taylor,Ecosse,700.0,56.7
Haiti 2004-2017 (Cask #59) - Barbancourt,Duncan Taylor,Ecosse,700.0,54.4
Jamaica 1990-2012 (Cask #10) - Hampden,Duncan Taylor,Ecosse,700.0,52.9
Jamaica 1997-2012 (Cask #3) - Monymusk,Duncan Taylor,Ecosse,700.0,53.4
Jamaica 2000-2012 (Cask #122) - Hampden,Duncan Taylor,Ecosse,700.0,53.1
Jamaica 2000-2014 (Cask #6) - Long Pond,Duncan Taylor,Ecosse,700.0,54.6
Jamaica 2000-2014 (Cask #34) - Hampden,Duncan Taylor,Ecosse,700.0,53.3
Jamaica 2000-2014 (Cask #50) - Hampden,Duncan Taylor,Ecosse,700.0,52.7
Jamaica 2000-2016 (Cask #65) - Long Pond,Duncan Taylor,Ecosse,700.0,51.9
Jamaica 2000-2017 (Cask #17) - Long Pond,Duncan Taylor,Ecosse,700.0,54.1
Jamaica 2003-2014 (Cask #18) - Monymusk,Duncan Taylor,Ecosse,700.0,53.5
Jamaica 2003-2016 (Cask #2) - Monymusk,Duncan Taylor,Ecosse,700.0,52.1
Nicaragua 2004-2017 (Cask #9),Duncan Taylor,Ecosse,700.0,55.4
Panama 1995-2012 (Cask #4) - Don José,Duncan Taylor,Ecosse,700.0,54.4
St-Lucia 2002-2013 (Cask #5),Duncan Taylor,Ecosse,700.0,52.6
St-Lucia 2002-2014 (Cask #6),Duncan Taylor,Ecosse,700.0,54.2
N°6 - Guyana 23 Ans (Uitvlugt),EKTE,Danemark,700.0,57.7
Pungent & Geeky (PG),EKTE,Danemark,700.0,47.0
Spiced & Rich (SR),EKTE,Danemark,700.0,43.0
Barbancourt 2004 (Cask #BB 86),L'Esprit,France,700.0,46.0
Barbancourt 2004 (Cask #BB 86) Cask Strength,L'Esprit,France,700.0,66.2
Bellevue 1998 (Cask #3),L'Esprit,France,700.0,46.0
Bellevue 1998 (Cask #3) Cask Strength,L'Esprit,France,700.0,58.0
Bellevue 1998 (Cask #BB 44),L'Esprit,France,700.0,46.0
Bellevue 1998 (Cask #BB 44) Cask Strength,L'Esprit,France,700.0,57.5
Beenleigh - Still Strength,L'Esprit,France,700.0,78.1
Black Rock 2000 (Cask #2) - West Indies,L'Esprit,France,700.0,46.0
Black Rock 2000 (Cask #2) - West Indies - Cask Strength,L'Esprit,France,700.0,57.7
"Black Rock 82,3° (West Indies)",L'Esprit,France,700.0,82.3
Caroni 1996 (Cask #BB 4),L'Esprit,France,700.0,64.3
Chichigalpa 2002 (Cask #BB 5),L'Esprit,France,700.0,46.0
Chichigalpa 2002 (Cask #BB 5) - Cask Strength,L'Esprit,France,700.0,63.1
Diamond MPM 85° (Cuvée Edgar Second Edition),L'Esprit,France,700.0,85.0
Diamond 2003 (Cask #58),L'Esprit,France,700.0,46.0
Diamond 2005 (Cask #BB 114) - Cask Strength,L'Esprit,France,700.0,71.4
Don José 2000 (Cask #2),L'Esprit,France,700.0,46.0
Don José 2000 (Cask #2) - Cask Strength,L'Esprit,France,700.0,57.8
A Panama Distillery 2004 (Cask #BB 71) - Cask Strength,L'Esprit,France,700.0,62.6
Epris 1999 (Cask #52),L'Esprit,France,700.0,47.7
Foursquare 2002 (Cask #BB 15) - Cask Strength,L'Esprit,France,700.0,56.4
Foursquare 2007 (Cask #BB 10) - Cask Strength,L'Esprit,France,700.0,65.3
La Favorite - Cuvée Ernest First Edition (V&B),L'Esprit,France,700.0,73.0
Monymusk 2007 (Cask #BB 11) - Cask Strength,L'Esprit,France,700.0,67.0
"Port Mourant Blanc 84,7°",L'Esprit,France,700.0,84.7
Port Mourant 2005 (Cask #BB 20 B) - Cask Strength,L'Esprit,France,700.0,59.9
"Long Pond 1992 """"Imperial"""" 18 Years (Rare Single Cask)",Alambic Classique,Allemagne,700.0,45.0
Port Mourant 2005 (Cask #BB 22) - Cask Strength,L'Esprit,France,700.0,60.0
South Pacific 83° (Still Strength),L'Esprit,France,700.0,83.0
Travellers 2005 (Cask #BB  11),L'Esprit,France,700.0,46.0
Travellers 2005 (Cask #BB  11) - Cask Strength,L'Esprit,France,700.0,66.1
Travellers 2007  (Cask #BB  36) - Cuvée 10e Anniversaire Cask Strength,L'Esprit,France,700.0,66.1
Worthy Park 2007 (Cask #BB 9) - Cask Strength,L'Esprit,France,700.0,56.9
Worthy Park 2007 (Cask #BB 10) - Cask Strength,L'Esprit,France,700.0,55.9
Worthy Park 2007 (Cask #49) - Cask Strength,L'Esprit,France,700.0,55.3
Carribean Smooth 1816 (Dark),Estaro,Pays-Bas,700.0,37.5
Carribean Smooth 1816 (Blanc),Estaro,Pays-Bas,700.0,37.5
Barbade Foursquare - MBFS 2006-2017,Excellence Rhum,France,700.0,62.8
Barbade Foursquare - Cask Strength Fût #14-  2007-2018,Excellence Rhum,France,700.0,64.4
Fidji South Pacific SMF Cask Strength 2004-2018,Excellence Rhum,France,700.0,65.5
Guadeloupe Bellevue - SFGB 1998-2017,Excellence Rhum,France,700.0,59.9
Guyana Diamond - MPM 2005-2017,Excellence Rhum,France,700.0,60.1
Guyana Port Mourant - MPM 2008-2018,Excellence Rhum,France,700.0,62.2
Jamaique Hampden - LROK 2000-2017,Excellence Rhum,France,700.0,54.6
Jamaique Worthy Park - WPL 2007-2018,Excellence Rhum,France,700.0,57.0
Maison La Mauny E15 - Cask Strength 2015-2019,Excellence Rhum,France,700.0,62.8
Marie Galante Bielle YQM - Cask Strength 2012-2019,Excellence Rhum,France,700.0,59.2
Grenada XO Rum (Sélection A'Rhum 2019) - Batch #1,Explorateur du Goût,France,700.0,52.0
Bélize - Aged 5 Years,Fair,France,700.0,40.0
Bélize - Aged 8 Years,Fair,France,700.0,53.8
Bélize - Aged 8 Years - Single Cask A'Rhum,Fair,France,700.0,62.0
Bélize - Aged 9 Years,Fair,France,700.0,41.0
Bélize - Aged 10 Years,Fair,France,700.0,40.0
Bélize - Aged 10 Years - Fullproof,Fair,France,700.0,66.5
Bélize - Aged 11 Years,Fair,France,700.0,50.7
Bélize - XO,Fair,France,700.0,40.0
Bélize - XO Finish Acacia,Fair,France,700.0,40.0
Bélize - XO Finish Acacia Gold Label,Fair,France,700.0,46.0
Bélize - XO Finish Chataignier,Fair,France,700.0,43.0
Bélize - XO Finish Chestnut,Fair,France,700.0,43.0
Jamaica - Aged 5 Years (Worthy Park),Fair,France,700.0,40.0
Muscovado 2016,Fair,France,700.0,55.0
Muscovado 2017,Fair,France,700.0,55.0
Paraguay XO,Fair,France,700.0,40.0
Salvador XO,Fair,France,700.0,44.0
Influences n°2 - Australie-Jamaique,Famille Ricci,France,700.0,46.0
Influences n°3 - Guyana-Guatemala,Famille Ricci,France,700.0,46.0
Ambré,Ferroni,France,700.0,40.0
Australie 2013,Ferroni,France,500.0,60.4
Australie Maurice Barbade - La Table du Loup,Ferroni,France,500.0,59.2
Barbade 2007 (Foursquare),Ferroni,France,500.0,57.5
Barbade 2009 (Foursquare),Ferroni,France,500.0,63.5
"Port Morant 1990 """"Diamonds of Demerara"""" 25 Years Old (Rare Single Cask)",Alambic Classique,Allemagne,700.0,45.0
Bélize 2007 (Travellers),Ferroni,France,500.0,42.0
Bélize 2007 - Cask Strength (Travellers),Ferroni,France,500.0,61.0
Boucan d'Enfer,Ferroni,France,700.0,50.0
Cuba 2011,Ferroni,France,500.0,58.5
Cuvée La Baffe de l'Ours,Ferroni,France,500.0,61.2
Fresh Cane,Ferroni,France,700.0,56.0
3 Latitudes Gwada 1998,Ferroni,France,500.0,44.0
Gwada 1998 - Rasteau Finish,Ferroni,France,500.0,56.5
Honey Rum,Ferroni,France,700.0,37.5
Issan Flower 2015,Ferroni,France,500.0,59.2
"Jamaique 2010 (Worthy Park) - (63,4°)",Ferroni,France,500.0,63.4
"Jamaique 2010 (Worthy Park) - (65,6°)",Ferroni,France,500.0,65.6
"Jamaique 2010 (Worthy Park) - (66,2°)",Ferroni,France,500.0,66.2
La Dame Jeanne - Pur Jus de Canne (56°),Ferroni,France,700.0,56.0
La Dame Jeanne - Pur Jus de Canne (57°) - Chamarel,Ferroni,France,700.0,57.0
La Dame Jeanne 2 - Melasse Power (57°),Ferroni,France,700.0,57.0
La Dame Jeanne 3 - Canne Rouge (57°),Ferroni,France,700.0,57.0
La Dame Jeanne 4 - L'Atlantique,Ferroni,France,700.0,57.0
La Dame Jeanne 5,Ferroni,France,700.0,57.0
La Dame Jeanne - La Table du Loup,Ferroni,France,700.0,57.0
Le Boucanier (Rhum Fumé),Ferroni,France,700.0,40.0
"Sanctus Spiritus 1998 """"Old Vintage Selection"""" 16 Years Old (Rare Single Cask)",Alambic Classique,Allemagne,700.0,45.0
Le Merveilleux Farlernum,Ferroni,France,700.0,19.0
Les Ciseaux (Saint-Maurice),Ferroni,France,700.0,50.0
Overproof (73°),Ferroni,France,700.0,73.0
Overproof - Batch #2 (74°),Ferroni,France,700.0,74.0
Rosé Rhum Blend,Ferroni,France,700.0,40.0
Série des Lumières - Guildive 1800,Ferroni,France,500.0,40.0
Série des Lumières - Guildive 1800 - Batch #2,Ferroni,France,500.0,40.0
Série des Lumières - Ratafia de Marseille,Ferroni,France,500.0,35.0
Terres de Pur Jus,Ferroni,France,500.0,63.2
Torna Viagem,Ferroni,France,500.0,64.0
Trinidad 2010,Ferroni,France,500.0,53.0
Barbados & Jamaica,Flensburg,Allemagne,700.0,
Barbados MBFS 2005,Flensburg,Allemagne,700.0,62.9
Guyana MEC 1992,Flensburg,Allemagne,700.0,59.8
,General Rum Trader,,,
Caroni Aged 16 Years (Cask #2944),Gleann Mór Spirits Company,Ecosse,700.0,50.2
Trinidad Caroni 13 Years,Good Spirits,,700.0,
Demerara Vintage 1974 (Casks #102 & #103),Gordon & Macphail,Ecosse,700.0,50.0
Jamaica Vintage 1941 (Cask #76) - Long Pond,Gordon & Macphail,Ecosse,700.0,50.0
Barbados - Aged 17 Years - Rockley Still (1986) - West Indies,High Spirits Collection,Italie,700.0,46.0
Demerara - Aged 13 Years - Port Mourant (1990) - Uitvlugt,High Spirits Collection,Italie,700.0,46.0
Demerara - 1971 (Enmore),High Spirits Collection,Italie,700.0,54.0
Demerara - 1974 (Enmore),High Spirits Collection,Italie,700.0,54.0
Demerara - 1974 (Enmore),High Spirits Collection,Italie,700.0,54.0
Demerara - 1975 (Uitvlugt),High Spirits Collection,Italie,700.0,52.0
Trinidad - Aged 12 Years - Caroni (1991),High Spirits Collection,Italie,700.0,46.0
Trinidad - Aged 15 Years - Caroni (1997),High Spirits Collection,Italie,700.0,46.0
Trinidad - Aged 18 Years - Caroni (1998),High Spirits Collection,Italie,700.0,46.0
Trinidad - Aged 21 Years - Caroni (1991) 46°,High Spirits Collection,Italie,700.0,46.0
Trinidad - Aged 21 Years - Caroni (1991) 58°,High Spirits Collection,Italie,700.0,58.0
Guyana Demerara Rum - Versailles 11 Years,Holsons,Royaume-Uni,700.0,46.0
Barbados 2000-2013 (Mount Gay) - Cask #IDR004,Isla Del Ron,Allemagne,700.0,61.6
Barbados 2000-2016 (Mount Gay) - Cask #IDR014,Isla Del Ron,Allemagne,700.0,57.8
Bélize 2005-2014 (Travellers) - Cask #IDR009,Isla Del Ron,Allemagne,700.0,66.4
Brazil 1999-2017 (Epris) - Cask #IDR016,Isla Del Ron,Allemagne,700.0,47.1
Cuba 1998 (Sancti Spiritus) - Cask #IDR005,Isla Del Ron,Allemagne,700.0,58.5
Cuba 1998-2016 (Sancti Spiritus) - Cask #IDR013,Isla Del Ron,Allemagne,700.0,59.3
Dominican Republic 2009-2018 - Cask #IDR021,Isla Del Ron,Allemagne,700.0,64.5
Guadeloupe 1998-2014 (Damoiseau) - Cask #IDR011,Isla Del Ron,Allemagne,700.0,52.6
Guadeloupe 2008-2018 (Damoiseau) - Cask #IDR022,Isla Del Ron,Allemagne,700.0,51.9
Guyana 1988-2012 - Cask #IDR003,Isla Del Ron,Allemagne,700.0,52.6
Guyana 1998-2013 (Uitvlugt) - Cask #IDR007,Isla Del Ron,Allemagne,700.0,53.9
Jamaica 1982-2012 - Cask #IDR001,Isla Del Ron,Allemagne,700.0,56.2
Jamaica 2000-2014 (Long Pond) - Cask #IDR010,Isla Del Ron,Allemagne,700.0,55.2
Jamaica 2011-2018 (Worthy Park) - Cask #IDR018,Isla Del Ron,Allemagne,700.0,51.9
Martinique 2005-2017 (Clément) - Cask #IDR017,Isla Del Ron,Allemagne,700.0,53.2
Nicaragua 2001-2013 - Cask #IDR006,Isla Del Ron,Allemagne,700.0,63.2
Nicaragua 2007-2018 - Cask #IDR019,Isla Del Ron,Allemagne,700.0,47.8
Panama 1995-2012 (Don José) - Cask #IDR002,Isla Del Ron,Allemagne,700.0,52.9
Panama 2003-2015 (Don José) - Cask #IDR012,Isla Del Ron,Allemagne,700.0,52.6
Trinidad 1989 (Caroni) - Cask #IDR015,Isla Del Ron,Allemagne,700.0,52.5
Trinidad 1997-2018 (Caroni) - Cask #IDR020,Isla Del Ron,Allemagne,700.0,52.5
Trinidad 1997-2013 (Caroni) - Cask #IDR008,Isla Del Ron,Allemagne,700.0,54.7
Gold,Isla Del Ron,Allemagne,700.0,42.5
Silver,Isla Del Ron,Allemagne,700.0,42.5
Anacaona - Santo Domingo Signature (Gran Reserva Rum),Island Signature,France,700.0,40.0
Tierra Madre - Guatemala Rum,Island Signature,France,700.0,40.0
Yellow Snake - Jamaican Amber Rum,Island Signature,France,700.0,40.0
Caroni 1997,Jean Boyer,France,700.0,40.0
Caroni 1998,Jean Boyer,France,700.0,40.0
Barbados Foursquare - 9 Years (2007),Kill Devil Rum,Ecosse,700.0,46.0
Barbados Foursquare - 14 Years (2001),Kill Devil Rum,Ecosse,700.0,46.0
Belize Travellers - 9 Years (2007),Kill Devil Rum,Ecosse,700.0,46.0
Belize Travellers - 10 Years (2005),Kill Devil Rum,Ecosse,700.0,46.0
Belize Travellers - 11 Years (2005),Kill Devil Rum,Ecosse,700.0,46.0
Blended Carribean Rum,Kill Devil Rum,Ecosse,700.0,40.0
Blended Carribean Rum - Dark Overproof,Kill Devil Rum,Ecosse,700.0,57.0
Cuba Sancti Spiritus - 17 Years (1998),Kill Devil Rum,Ecosse,700.0,46.0
Cuba Sancti Spiritus - 17 Years (1999),Kill Devil Rum,Ecosse,700.0,46.0
Cuba Sancti Spiritus - 18 Years (1999),Kill Devil Rum,Ecosse,700.0,46.0
Fiji South Pacific - 14 Years,Kill Devil Rum,Ecosse,700.0,46.0
Guadeloupe Bellevue - 18 Years (1998),Kill Devil Rum,Ecosse,700.0,58.2
Guadeloupe Bellevue - 20 Years (1998),Kill Devil Rum,Ecosse,700.0,58.6
Guatemala Darsa - 8 Years (2007),Kill Devil Rum,Ecosse,700.0,46.0
Guatemala Darsa - 9 Years (2007),Kill Devil Rum,Ecosse,700.0,46.0
Guatemala Darsa - 10 Years (2008),Kill Devil Rum,Ecosse,700.0,46.0
Guyana Diamond - 8 Years (2008),Kill Devil Rum,Ecosse,700.0,59.3
Guyana Diamond - 10 Years (2005),Kill Devil Rum,Ecosse,700.0,46.0
Guyana Diamond - 11 Years (2004),Kill Devil Rum,Ecosse,700.0,46.0
Guyana Diamond - 12 Years (2004),Kill Devil Rum,Ecosse,700.0,63.9
"Guyana Diamond - 12 Years (2004) - 61,1°",Kill Devil Rum,Ecosse,700.0,61.1
"Guyana Diamond - 12 Years (2004) - 62,7°",Kill Devil Rum,Ecosse,700.0,62.7
Guyana Diamond - 15 Years (2001) - 46°,Kill Devil Rum,Ecosse,700.0,46.0
"Guyana Diamond - 15 Years (2001) - 57,1°",Kill Devil Rum,Ecosse,700.0,57.1
Guyana Diamond - 15 Years (2001) - 61°,Kill Devil Rum,Ecosse,700.0,61.0
Guyana Diamond - 18 Years (1998),Kill Devil Rum,Ecosse,700.0,46.0
Guyana Enmore - 24 Years (1992),Kill Devil Rum,Ecosse,700.0,46.0
Guyana Enmore - 25 Years (1990),Kill Devil Rum,Ecosse,700.0,46.0
Guyana Enmore - 25 Years (1992),Kill Devil Rum,Ecosse,700.0,46.0
Guyana Uitvlugt - 15 Years (1999),Kill Devil Rum,Ecosse,700.0,46.0
Guyana Uitvlugt - 16 Years (1999),Kill Devil Rum,Ecosse,700.0,46.0
Guyana Uitvlugt - 17 Years (1999),Kill Devil Rum,Ecosse,700.0,46.0
Guyana Uitvlugt - 18 Years (1997) - Cask #HL15048,Kill Devil Rum,Ecosse,700.0,46.0
Guyana Uitvlugt - 18 Years (1998),Kill Devil Rum,Ecosse,700.0,46.0
Jamaica Hampden - 10 Years (2007),Kill Devil Rum,Ecosse,700.0,46.0
Jamaica Hampden - 16 Years (1998),Kill Devil Rum,Ecosse,700.0,46.0
Jamaica Hampden - 17 Years (1998),Kill Devil Rum,Ecosse,700.0,46.0
Jamaica Hampden - 18 Years (1998),Kill Devil Rum,Ecosse,700.0,46.0
Jamaica Hampden - 24 Years (1992),Kill Devil Rum,Ecosse,700.0,62.0
Jamaica Hampden - 35 Years (1983),Kill Devil Rum,Ecosse,700.0,58.1
Jamaica Long Pond - 15 Years (2000),Kill Devil Rum,Ecosse,700.0,46.0
Jamaica Monymusk - 9 Years (2007),Kill Devil Rum,Ecosse,700.0,46.0
Jamaica Monymusk - 12 Years (2003),Kill Devil Rum,Ecosse,700.0,46.0
Jamaica Worthy Park - 10 Years (2006),Kill Devil Rum,Ecosse,700.0,46.0
Nicaragua - 17 Years (1999),Kill Devil Rum,Ecosse,700.0,59.5
Nicaragua - 18 Years (1999),Kill Devil Rum,Ecosse,700.0,60.2
Panama - 10 Years (2004),Kill Devil Rum,Ecosse,700.0,46.0
Panama - 11 Years (2006),Kill Devil Rum,Ecosse,700.0,61.5
"Trinidad Distillers 2000 """"Millenium Reserve"""" 6 Years Old (Rare Single Cask)",Alambic Classique,Allemagne,700.0,45.0
"Westerhall 1998 """"XO"""" 9 Years Old (Rare Single Cask)",Alambic Classique,Allemagne,700.0,45.0
"Westerhall 1998 """"XO"""" 14 Years Old (Rare Single Cask)",Alambic Classique,Allemagne,700.0,45.0
Austrian Empire Navy Rum - Reserva 1863,Albert Michler,Angleterre,700.0,40.0
Austrian Empire Navy Rum - Solera 18,Albert Michler,Angleterre,700.0,40.0
Austrian Empire Navy Rum - Solera 21,Albert Michler,Angleterre,700.0,40.0
Austrian Empire Navy Rum - Solera 25,Albert Michler,Angleterre,700.0,40.0
Mischler's Rum - 100% Fine Jamaican (Dark Rum),Albert Michler,Angleterre,700.0,40.0
Trinidad - 9 Years (2009) - Fernandes,Kill Devil Rum,Ecosse,700.0,46.0
Trinidad - 13 Years (2003),Kill Devil Rum,Ecosse,700.0,46.0
Trinidad - 13 Years (2003) - Fullproof,Kill Devil Rum,Ecosse,700.0,63.1
Trinidad - 23 Years (1991) - TDL,Kill Devil Rum,Ecosse,700.0,46.0
Trinidad - 24 Years (1991) - TDL,Kill Devil Rum,Ecosse,700.0,46.0
Trinidad Caroni - 17 Years (1998),Kill Devil Rum,Ecosse,700.0,63.1
"Trinidad Caroni - 18 Years (1998) - 63,2°",Kill Devil Rum,Ecosse,700.0,63.2
"Trinidad Caroni - 18 Years (1998) - 65,5° #1",Kill Devil Rum,Ecosse,700.0,65.5
"Trinidad Caroni - 18 Years (1998) - 65,5° #2",Kill Devil Rum,Ecosse,700.0,65.5
Trinidad Caroni - 20 Years (1998),Kill Devil Rum,Ecosse,700.0,46.0
Venezuela C.A.C.S.A. - 14 Years (2004),Kill Devil Rum,Ecosse,700.0,46.0
Demerara Rum Pot Still (1990),Kingsbury,Ecosse,700.0,
Single Cask Demerara Rum (1974),Kingsbury,Ecosse,700.0,65.7
Rhum Vieux Jamaïcain (Long Pond & Clarendon),Kingspom,,500.0,43.2
C.A.D.C. Venezuela - Cask #7,Kintra Whisky,Pays-Bas,700.0,53.8
Caroni 19Y - 1998-2017 - Cask #6,Kintra Whisky,Pays-Bas,700.0,55.1
Caroni - 1999-2013,Kintra Whisky,Pays-Bas,700.0,56.0
Diamond 13Y,Kintra Whisky,Pays-Bas,700.0,53.1
Enmore 27Y - 1990-2017 - Cask #34,Kintra Whisky,Pays-Bas,700.0,53.7
Enmore 27Y,Kintra Whisky,Pays-Bas,700.0,55.7
Flor De Caña 18Y - 1999-2017 - Cask #48,Kintra Whisky,Pays-Bas,700.0,56.5
Foursquare 12Y,Kintra Whisky,Pays-Bas,700.0,56.5
Foursquare 12Y - 2006-2018 - Cask #118,Kintra Whisky,Pays-Bas,700.0,63.3
Hampden 8Y,Kintra Whisky,Pays-Bas,700.0,56.5
Monymusk 11Y,Kintra Whisky,Pays-Bas,700.0,52.5
Monymusk 11Y - 2007-2018 - Cask #85,Kintra Whisky,Pays-Bas,700.0,52.2
Monymusk 14Y,Kintra Whisky,Pays-Bas,700.0,56.2
Mount Gay 18Y - Confidential Cask #1,Kintra Whisky,Pays-Bas,700.0,55.6
Port Mourant 12Y,Kintra Whisky,Pays-Bas,700.0,63.3
Port Mourant 12Y - 2005-2018 - Cask #96,Kintra Whisky,Pays-Bas,700.0,55.9
The Taylor of Panama - 13Y,Kintra Whisky,Pays-Bas,700.0,59.3
Travellers 9Y - 2007-2017 - Cask #44,Kintra Whisky,Pays-Bas,700.0,66.4
N°1 - 2004 Single Barrel,La Casa Del Rum,Italie,700.0,47.2
N°2 - Barbados (Over Proof Rum),La Casa Del Rum,Italie,700.0,65.0
"N°3 - Nicaragua, Trinidad, Guatemala ",La Casa Del Rum,Italie,700.0,50.0
"N°4 - Jamaica, Barbados, Trinidad",La Casa Del Rum,Italie,700.0,40.0
"St Quentin - Martinique, Jamaica, Barbados, Trinidad",La Casa Del Rum,Italie,700.0,40.0
St Quentin Unaged (Martinique - La Favorite),La Casa Del Rum,Italie,700.0,42.0
Batch #2 - Guatemala (Botran),La Maison Du Rhum,France,700.0,55.0
Batch #2 - Ile Maurice (Chamarel),La Maison Du Rhum,France,700.0,43.0
Batch #2 - Madagascar (Dzama),La Maison Du Rhum,France,700.0,42.0
Batch #2 - Pérou (Millonario),La Maison Du Rhum,France,700.0,45.0
Batch #2 - Réunion (Rivière du Mât),La Maison Du Rhum,France,700.0,45.0
Batch #2 - Sainte Lucie (St Lucia Distillers),La Maison Du Rhum,France,700.0,45.0
Batch #2 - Trinidad & Tobago (Angostura),La Maison Du Rhum,France,700.0,44.0
Batch #2 - Venezuela (Diplomatico),La Maison Du Rhum,France,700.0,47.0
Batch #3 - Colombie (Hacienda Coloma),La Maison Du Rhum,France,700.0,46.0
Batch #3 - El Salvador (Finish Fino),La Maison Du Rhum,France,700.0,40.0
Batch #3 - El Salvador (Finish Château Pape Clément),La Maison Du Rhum,France,700.0,40.0
Batch #3 - Guadeloupe (Séverin),La Maison Du Rhum,France,700.0,
Batch #3 - Ile Maurice (Chamarel),La Maison Du Rhum,France,700.0,45.0
Batch #3 - Martinique (Maison La Mauny),La Maison Du Rhum,France,700.0,42.0
Batch #3 - Panama,La Maison Du Rhum,France,700.0,45.0
Batch #3 - Paraguay,La Maison Du Rhum,France,700.0,45.0
Batch #3 - Pérou (Millonario),La Maison Du Rhum,France,700.0,48.0
Batch #3 - Réunion (Rivière du Mât),La Maison Du Rhum,France,700.0,45.0
Batch #3 - Sainte Lucie (St Lucia Distillers),La Maison Du Rhum,France,700.0,45.0
Batch #3 - Trinidad & Tobago (Angostura),La Maison Du Rhum,France,700.0,50.0
Batch #3 - Venezuela (Diplomatico),La Maison Du Rhum,France,700.0,42.0
Rhum Grand Arôme de la Baie du Galion,Latitudes,France,700.0,60.0
"Demerara 2002 - Guyana (Full Proof) - 66,9°",Le Gus't,France,700.0,66.9
"Demerara 2002 - Guyana (Optimum Proof) - 60,4°",Le Gus't,France,700.0,60.4
Demerara 2002 - Guyana (Optimum Proof) - Cask #144 (Caroni),Le Gus't,France,700.0,61.6
Demerara 2002 - Guyana (Version Réduite 46°) - Cask #144 (Caroni),Le Gus't,France,700.0,46.0
"Demerara 2002 - Guyana (Full  Proof) - """"Marrons de la Liberté"""" - Cask #147",Le Gus't,France,700.0,65.7
"Demerara 2002 - Guyana (Optimum Proof) - """"Marrons de la Liberté"""" - Cask #147",Le Gus't,France,700.0,58.8
Uitvlugt 2007 - Demerara (Full Proof) - Cask #7242,Le Gus't,France,700.0,74.1
Uitvlugt 2007 - Demerara (High Proof) - Cask #7242,Le Gus't,France,700.0,50.0
Demerara 151 (Diamond),Lemon Hart & Son,Angleterre,700.0,75.5
Demerara Original,Lemon Hart & Son,Angleterre,700.0,40.0
Demerara Navy Spiced,Lemon Hart & Son,Angleterre,700.0,43.0
Finest Golden Rum,Lemon Hart & Son,Angleterre,700.0,
Golden Jamaica,Lemon Hart & Son,Angleterre,700.0,35.0
Jamaica,Lemon Hart & Son,Angleterre,700.0,73.0
Jamaican Rum 30 Years Old (Bouteille Triangulaire),Lemon Hart & Son,Angleterre,700.0,43.0
Superior,Lemon Hart & Son,Angleterre,700.0,37.5
Barbados Foursquare 11 Years (Tawny Finish),Les Frères de La Côte,Pays-Bas,700.0,63.3
Barbados Foursquare 11 Years (Tawny Finish 2005),Les Frères de La Côte,Pays-Bas,700.0,62.4
Bielle Brut de Fût 2011 (7 ans),Les Frères de La Côte,Pays-Bas,700.0,53.9
Fût Unique,Le Sot de l'Ange,France,700.0,44.5
Fût Unique n°2 (Cask #4),Le Sot de l'Ange,France,700.0,47.0
Rhum Agricole de Marie-Galante (Bielle) - Cask #1,Le Sot de l'Ange,France,700.0,40.0
Hampden Aged 8 Years - DOK,Letter of Marque,,500.0,66.4
Caroni 1997,Liquid Art,Belgique,700.0,50.5
Diamond 2003,Liquid Art,Belgique,700.0,51.1
Barbancourt 13 Years Old 2004-2017,Liquid Treasures,Allemagne,700.0,54.6
Beenleigh Australian Rum,Liquoriste,France,700.0,46.0
Exotics Blended Rum,Liquoriste,France,700.0,43.0
Foursquare Blend,Liquoriste,France,700.0,46.0
Hampden Jamaican Rum (PX),Liquoriste,France,700.0,65.0
Martinique Agricole Rum,Liquoriste,France,700.0,55.0
Single Estate Fiji Rum,Liquoriste,France,700.0,45.0
Single Estate Guatemala Ron,Liquoriste,France,700.0,46.0
Single Estate Jamaica Rum (Amontillado),Liquoriste,France,700.0,65.0
Single Estate Jamaica Rum (Bourbon Cask),Liquoriste,France,700.0,65.0
Single Estate Jamaica Rum (Brandy),Liquoriste,France,700.0,65.0
Colonial American Inspired Rum,Lost Spirits,USA (Californie),700.0,62.0
Cuban Inspired Rum,Lost Spirits,USA (Californie),700.0,75.5
Navy Style Rum (55°),Lost Spirits,USA (Californie),700.0,55.0
Navy Style Rum (57°),Lost Spirits,USA (Californie),700.0,57.0
Navy Style Rum (61°),Lost Spirits,USA (Californie),700.0,61.0
Navy Style Rum (68°),Lost Spirits,USA (Californie),700.0,68.0
Polynesian Inspired Rum,Lost Spirits,USA (Californie),700.0,66.0
Jamaica 1992 (15th Anniversary 1996-2011) - Long Pond (45°),Mac Y,Danemark,700.0,45.0
Bélize Don Tito Millésime 2006,Maison Chollet,France,700.0,45.6
Panama Don Tito Millésime 2006,Maison Chollet,France,700.0,43.8
Blended Rum - Barbados 8Y - Dominicain Republic 5Y - Jamaïca 3Y,Maman Brigitte,Belgique,700.0,43.0
Mischler's Rum - Jamaica & Trinidad,Albert Michler,Angleterre,700.0,40.0
Mischler's Rum - Overproof,Albert Michler,Angleterre,700.0,63.0
Alnwick Rum - Spirit of Northumberland,Alnwick,Angleterre,700.0,43.0
Fine Old Vatted Rum - Empire Produce,Alnwick,Angleterre,700.0,35.0
Golden Spiced Rum,Alnwick,Angleterre,700.0,40.0
The Legendary Alnwick Rum,Alnwick,Angleterre,700.0,43.0
White Knight Rum,Alnwick,Angleterre,700.0,37.5
Barbados Foursquare - 13 Years,Anam Na H-Alba,Allemagne,700.0,63.9
Guyana - Ten Years,Anam Na H-Alba,Allemagne,700.0,66.6
10 Year Old Navy Rum (Diamond),Ancient Mariner,Angleterre,700.0,54.0
Fijian 9 Ans,Berry Bros & Rudd,Angleterre,700.0,46.0
16 Year Old Navy Rum (Caroni),Ancient Mariner,Angleterre,700.0,54.0
Navy Rum (Caroni),Ancient Mariner,Angleterre,700.0,54.0
N°1 - Panama,Arnisser,Allemagne,700.0,54.2
N°2 - Guatemala,Arnisser,Allemagne,700.0,59.8
N°3 - Bélize,Arnisser,Allemagne,700.0,69.1
N°4 - Barbados,Arnisser,Allemagne,700.0,66.1
N°5 - Guyana,Arnisser,Allemagne,700.0,65.5
N°6 - Trinidad,Arnisser,Allemagne,700.0,75.5
N°7 - Jamaica,Arnisser,Allemagne,700.0,46.0
Infinity Overproof (Worthy Park),AuRhum,,700.0,
Alcoholes Finos Dominicanos 8 Ans,Bapt & Clems,France,700.0,45.0
Foursquare 5 Ans,Bapt & Clems,France,700.0,43.0
Oliver & Oliver 18 Ans Solera,Bapt & Clems,France,700.0,43.0
Oxenham 4 Ans,Bapt & Clems,France,700.0,45.0
Reimonenq Millésime 1999,Bapt & Clems,France,700.0,41.0
Reimonenq Millésime 2009,Bapt & Clems,France,700.0,46.0
Savanna 12 Ans,Bapt & Clems,France,700.0,45.0
Travellers 4 Ans,Bapt & Clems,France,700.0,47.0
Barbade 2011-2019 (Foursquare),Barikenn,France,700.0,54.4
Guyana 2012-2020 (Diamond),Barikenn,France,700.0,58.9
Jamaica 2010-2019 (Worthy Park),Barikenn,France,700.0,55.0
Barrell Rum - Tales of Two Islands,Barrel Craft Spirits,USA (Kentucky),700.0,66.4
Bach 001,Barrel Craft Spirits,USA (Kentucky),700.0,67.36
Private Release,Barrel Craft Spirits,USA (Kentucky),700.0,64.52
Rum (13 yo),Barrel Craft Spirits,USA (Kentucky),700.0,62.1
Foursquare 2005 (13 Yo) - Cask #MRC 3411,Beek,Pays-Bas,700.0,51.4
Rum Quality Blend,Beek,Pays-Bas,700.0,46.0
B13 Rum - 13 Years,Bentley Rum,Allemagne,700.0,40.0
Barbados 1986 (Finest Bajan Rum) - West Indies,Berry Bros & Rudd,Angleterre,700.0,46.0
Caroni Trinidad 19 Years - 1997-2016,Berry Bros & Rudd,Angleterre,700.0,46.0
Demerara Enmore 1988,Berry Bros & Rudd,Angleterre,700.0,46.0
Demerara Port Mourant 1992 (Uitvlugt),Berry Bros & Rudd,Angleterre,700.0,46.0
Demerara Versailles 1985 (Enmore),Berry Bros & Rudd,Angleterre,700.0,46.0
Rhum (Beenleigh 2015-2019),& Fine Spirits,France,500.0,57.18
Fijian 9 Ans (Millésime 2001),Berry Bros & Rudd,Angleterre,700.0,64.0
Fijian 11 Ans (Millésime 2003),Berry Bros & Rudd,Angleterre,700.0,46.0
Grenada 7 Ans (Millésime 2003),Berry Bros & Rudd,Angleterre,700.0,46.0
Grenada 13 Ans,Berry Bros & Rudd,Angleterre,700.0,46.0
Guadeloupe Rum 16 Ans (Millésime 1998),Berry Bros & Rudd,Angleterre,700.0,46.0
Guadeloupe Rum 18 Ans (Millésime 1998),Berry Bros & Rudd,Angleterre,700.0,46.0
Guyana Rum 13 Ans - Cask #31 (Kirsch Whisky),Berry Bros & Rudd,Angleterre,700.0,62.0
Guyana Rum 16 Ans - Cask #63 (Diamond),Berry Bros & Rudd,Angleterre,700.0,47.7
Guyana Rum 24 Ans (Millésime 1991) - Cask #02/V64-7 (Diamond),Berry Bros & Rudd,Angleterre,700.0,46.0
Jamaican Rum 27 Years (Millésime 1977) ,Berry Bros & Rudd,Angleterre,700.0,46.0
"Jamaican Rum """"Overproof"""" (Millésime 1977) - Cask #23",Berry Bros & Rudd,Angleterre,700.0,60.3
Jamaican Rum (Millésime 1982) ,Berry Bros & Rudd,Angleterre,700.0,57.0
Jamaican Rum (Millésime 1986) - Long Pond,Berry Bros & Rudd,Angleterre,700.0,46.0
Jamaican Rum Monymusk Estate (Millésime 2003),Berry Bros & Rudd,Angleterre,700.0,55.4
Nicaraguan (Millésime 1999),Berry Bros & Rudd,Angleterre,700.0,46.0
Nicaraguan (Millésime 2000),Berry Bros & Rudd,Angleterre,700.0,46.0
Nicaraguan (Millésime 2002),Berry Bros & Rudd,Angleterre,700.0,46.0
St. Lucia Rum 14 Ans (Millésime 2000),Berry Bros & Rudd,Angleterre,700.0,46.0
St. Lucia Rum 14 Ans - The Nectar,Berry Bros & Rudd,Angleterre,700.0,52.5
St. Lucia Rum 16 Ans (Millésime 2000),Berry Bros & Rudd,Angleterre,700.0,46.0
The Classic Range - Barbados Rum,Berry Bros & Rudd,Angleterre,700.0,40.5
The Classic Range - Guatemala Rum,Berry Bros & Rudd,Angleterre,700.0,40.5
The Classic Range - Jamaica Rum,Berry Bros & Rudd,Angleterre,700.0,40.5
The Classic Range - Nicaragua Rum,Berry Bros & Rudd,Angleterre,700.0,40.5
Circée - Black Spiced Rum,Bigallet,France,700.0,40.0
Original,Bozkov (Tuzemsky),République Tchèque,700.0,
Bielle - Cuvée 2009 (Brut de Fût #54),La Confrérie du Rhum,France,700.0,51.9
Guyana 1997-2016 (Cask #13) - Uitvlugt,Duncan Taylor,Ecosse,700.0,53.5
A Panama Distillery 2004 (Cask #BB 44) - Cask Strength,L'Esprit,France,700.0,61.4
Travellers 2005  (Cask #BB  27) - Cask Strength,L'Esprit,France,700.0,67.0
Batch #2 - Martinique (Maison La Mauny),La Maison Du Rhum,France,700.0,42.0
Batch #1 - Colombie (Hacienda Coloma),La Maison Du Rhum,France,700.0,46.0
Batch #2 - République Dominicaine,La Maison Du Rhum,France,700.0,42.0
Bielle 2005-2011,Comptoir Des Caraïbes,France,700.0,50.0
"La Tour De L'Or - Bielle (57,4°)",Chantal Comte,France,700.0,57.4
Drink It Zipp It (Caroni),Corman Collins Rhums,Belgique,700.0,61.0
Influences n°1 - Trinidad-Jamaique,Famille Ricci,France,700.0,46.0
Finest Old Demerara Rum - Port Mourant 1974 (Uitvlugt),Bristol Classic Rum,Angleterre,700.0,46.0
Boulet de Canon n°1,Compagnie Des Indes,France,700.0,46.0
Caraïbes,Compagnie Des Indes,France,700.0,40.0
Caraïbes (Edition de Noël),Compagnie Des Indes,France,700.0,40.0
Guyana 18 Ans - Cask #MGA4 - 1997 (Uitvlugt),Compagnie Des Indes,France,700.0,45.0
Jamaica 5 Ans,Compagnie Des Indes,France,700.0,43.0
Jamaica 5 Ans - Edition Le Calbar,Compagnie Des Indes,France,700.0,43.0
Jamaica 5 Ans - Hyperboissons,Compagnie Des Indes,France,700.0,43.0
Latino 5 Ans,Compagnie Des Indes,France,700.0,40.0
Dynasty,Famille Ricci,France,700.0,40.0
Turquoise Bay - Mauritus Reserve Amber Rum,Island Signature,France,700.0,40.0
"Enmore Distillery, Demerara 1988",Caribbean Reserve,Ecosse,700.0,46.0
Guyana 1990 (Enmore),Caribbean Reserve,Ecosse,700.0,46.0
Jamaica 1992 (Hampden),Caribbean Reserve,Ecosse,700.0,46.0
Panama 1997 (Don José),Caribbean Reserve,Ecosse,700.0,46.0
"Pampero Distillery, Trinidad 1992",Caribbean Reserve,Ecosse,700.0,46.0
"Port Mourant Distillery, Demerara 1989 (Uitvlugt)",Caribbean Reserve,Ecosse,700.0,46.0
Port Morant Distillery 1990 (Uitvlugt),Caribbean Reserve,Ecosse,700.0,46.0
"Providence Distillery, Trinidad - Aged 10 Years",Caribbean Reserve,Ecosse,700.0,46.0
Venezuela 1992,Caribbean Reserve,Ecosse,700.0,46.0
Caroni 1997-2019,Caroni Rom Dansk Fanklub,Danemark,500.0,61.1
Caroni 1998-2020 (With Rum Artesanal),Caroni Rom Dansk Fanklub,Danemark,500.0,68.9
Barbados 15 Years West Indies 2000-2015,Cave Guildive,Suisse,700.0,54.0
Barbados 17 Years West Indies 2000-2017,Cave Guildive,Suisse,700.0,56.0
Demerara 10 Years Port Mourant 2005-2015,Cave Guildive,Suisse,700.0,55.0
Demerara 25 Years Enmore 1990-2015,Cave Guildive,Suisse,700.0,56.0
Dominican Republic 13 Years (Double Wine Cask),Cave Guildive,Suisse,700.0,49.0
Fiji 15 Years South Pacific 2001-2016,Cave Guildive,Suisse,700.0,58.0
Jamaica 12 Years New Yarmouth 2005-2017,Cave Guildive,Suisse,700.0,68.0
Jamaica 23 Years Hampden 1993-2016,Cave Guildive,Suisse,700.0,61.0
Marie-Galante 9 Years Bielle 2008-2017,Cave Guildive,Suisse,700.0,55.0
Nicaragua 13 Years 2004-2017,Cave Guildive,Suisse,700.0,66.0
Nicaragua 15 Years 2000-2015,Cave Guildive,Suisse,700.0,56.0
Panama 11 Years 2006-2017 (Cask #79),Cave Guildive,Suisse,700.0,60.0
L'Arbre du Voyageur - Brut de Cuves (La Mauny),Chantal Comte,France,700.0,60.2
L'Arbre du Voyageur - 1998 (La Favorite),Chantal Comte,France,700.0,40.0
L'Arbre du Voyageur - 2001 - La Favorite),Chantal Comte,France,700.0,45.5
L'Arbre du Voyageur - 2001 (Non Filtré) - La Favorite,Chantal Comte,France,700.0,45.5
L'Arbre du Voyageur - 3 Ans d'Age (La Mauny),Chantal Comte,France,700.0,53.5
L'Arbre du Voyageur - 5 Ans d'Age (Depaz),Chantal Comte,France,700.0,45.0
L'Arbre du Voyageur - VSOP (Depaz),Chantal Comte,France,700.0,45.0
Trinidad 1991-2017 (Cask #2466) - TDL,Duncan Taylor,Ecosse,700.0,52.1
Trinidad 1991-2012 (Cask #2467) - TDL,Duncan Taylor,Ecosse,700.0,54.8
Trinidad 1997-2014 (Cask #49) - Caroni,Duncan Taylor,Ecosse,700.0,56.4
Trinidad 1997-2014 (Cask #110) - Caroni,Duncan Taylor,Ecosse,700.0,53.8
Trinidad 1997-2014 (Cask #115) - Caroni,Duncan Taylor,Ecosse,700.0,55.4
Trinidad 1997-2015 (Cask #854) - Caroni,Duncan Taylor,Ecosse,700.0,52.5
Aged & Geeky (AG),EKTE,Danemark,700.0,43.0
Dark & Aged (DA),EKTE,Danemark,700.0,38.0
Light & Dry (LD),EKTE,Danemark,700.0,43.0
N°1 - Panama 11 Ans,EKTE,Danemark,700.0,63.1
N°2 - Jamaica 12 Ans (Monymusk),EKTE,Danemark,700.0,60.0
N°3 - Nicaragua 15 Ans,EKTE,Danemark,700.0,68.6
N°4 - Jamaica 15 Ans (Long Pond),EKTE,Danemark,700.0,61.4
N°5 - Guyana 17 Ans (Uitvlugt),EKTE,Danemark,700.0,62.8
El Matcho (Hampden),El Matcho,Belgique,500.0,40.0
Batch #1 - Guadeloupe (Damoiseau),La Maison Du Rhum,France,700.0,42.0
Batch #1 - Guatemala (Botran),La Maison Du Rhum,France,700.0,45.0
Batch #1 - Martinique (Maison La Mauny),La Maison Du Rhum,France,700.0,45.0
Batch #1 - Pérou (Millonario),La Maison Du Rhum,France,700.0,48.0
Batch #1 - Réunion (Rivière du Mât),La Maison Du Rhum,France,700.0,45.0
Batch #1 - Sainte Lucie (St Lucia Distillers),La Maison Du Rhum,France,700.0,45.0
Batch #1 - Trinidad & Tobago (Angostura),La Maison Du Rhum,France,700.0,43.0
Batch #1 - Venezuela (Diplomatico),La Maison Du Rhum,France,700.0,47.0
Batch #2 - Colombie (Hacienda Coloma),La Maison Du Rhum,France,700.0,46.0
Rhum Vieux Jamaique 3 Ans,Le Puits A Whisky,France,700.0,40.0
Jamaica 1992 (15th Anniversary 1996-2011) - Long Pond (63°),Mac Y,Danemark,700.0,63.0
Jamaique 2007 (Monymusk),Ferroni,France,500.0,64.5
Darsa 2007 (Cask #BB 14) - Cask Strength,L'Esprit,France,700.0,59.6
